Real_Time,Sweep_T,Pred_Z,Pred_VZ,Current_Z,Current_VZ
1.77554e+09,0,0.974124,-6.43298e-06,0.974124,-6.43298e-06
1.77554e+09,0.05,0.974123,-6.43346e-06,0.974124,-6.43298e-06
1.77554e+09,0.1,0.974123,-6.43395e-06,0.974124,-6.43298e-06
1.77554e+09,0.15,0.974123,-6.43444e-06,0.974124,-6.43298e-06
1.77554e+09,0.2,0.974122,-6.43493e-06,0.974124,-6.43298e-06
1.77554e+09,0.25,0.974122,-6.43541e-06,0.974124,-6.43298e-06
1.77554e+09,0.3,0.974122,-6.4359e-06,0.974124,-6.43298e-06
1.77554e+09,0.35,0.974122,-6.43639e-06,0.974124,-6.43298e-06
1.77554e+09,0.4,0.974121,-6.43687e-06,0.974124,-6.43298e-06
1.77554e+09,0.45,0.974121,-6.43736e-06,0.974124,-6.43298e-06
1.77554e+09,0.5,0.974121,-6.43785e-06,0.974124,-6.43298e-06
1.77554e+09,0.55,0.97412,-6.43833e-06,0.974124,-6.43298e-06
1.77554e+09,0.6,0.97412,-6.43882e-06,0.974124,-6.43298e-06
1.77554e+09,0.65,0.97412,-6.43931e-06,0.974124,-6.43298e-06
1.77554e+09,0.7,0.974119,-6.4398e-06,0.974124,-6.43298e-06
1.77554e+09,0.75,0.974119,-6.44028e-06,0.974124,-6.43298e-06
1.77554e+09,0.8,0.974119,-6.44077e-06,0.974124,-6.43298e-06
1.77554e+09,0.85,0.974118,-6.44126e-06,0.974124,-6.43298e-06
1.77554e+09,0.9,0.974118,-6.44174e-06,0.974124,-6.43298e-06
1.77554e+09,0.95,0.974118,-6.44223e-06,0.974124,-6.43298e-06
1.77554e+09,1,0.974117,-6.44272e-06,0.974124,-6.43298e-06
1.77554e+09,1.05,0.974117,-6.44321e-06,0.974124,-6.43298e-06
1.77554e+09,1.1,0.974117,-6.44369e-06,0.974124,-6.43298e-06
1.77554e+09,1.15,0.974116,-6.44418e-06,0.974124,-6.43298e-06
1.77554e+09,1.2,0.974116,-6.44467e-06,0.974124,-6.43298e-06
1.77554e+09,1.25,0.974116,-6.44515e-06,0.974124,-6.43298e-06
1.77554e+09,1.3,0.974115,-6.44564e-06,0.974124,-6.43298e-06
1.77554e+09,1.35,0.974115,-6.44613e-06,0.974124,-6.43298e-06
1.77554e+09,1.4,0.974115,-6.44661e-06,0.974124,-6.43298e-06
1.77554e+09,1.45,0.974114,-6.4471e-06,0.974124,-6.43298e-06
1.77554e+09,1.5,0.974114,-6.44759e-06,0.974124,-6.43298e-06
1.77554e+09,1.55,0.974114,-6.44808e-06,0.974124,-6.43298e-06
1.77554e+09,1.6,0.974113,-6.44856e-06,0.974124,-6.43298e-06
1.77554e+09,1.65,0.974113,-6.44905e-06,0.974124,-6.43298e-06
1.77554e+09,1.7,0.974113,-6.44954e-06,0.974124,-6.43298e-06
1.77554e+09,1.75,0.974112,-6.45002e-06,0.974124,-6.43298e-06
1.77554e+09,1.8,0.974112,-6.45051e-06,0.974124,-6.43298e-06
1.77554e+09,1.85,0.974112,-6.451e-06,0.974124,-6.43298e-06
1.77554e+09,1.9,0.974112,-6.45149e-06,0.974124,-6.43298e-06
1.77554e+09,1.95,0.974111,-6.45197e-06,0.974124,-6.43298e-06
1.77554e+09,2,0.974111,-6.45246e-06,0.974124,-6.43298e-06
1.77554e+09,2.05,0.974111,-6.45295e-06,0.974124,-6.43298e-06
1.77554e+09,2.1,0.97411,-6.45343e-06,0.974124,-6.43298e-06
1.77554e+09,2.15,0.97411,-6.45392e-06,0.974124,-6.43298e-06
1.77554e+09,2.2,0.97411,-6.45441e-06,0.974124,-6.43298e-06
1.77554e+09,2.25,0.974109,-6.45489e-06,0.974124,-6.43298e-06
1.77554e+09,2.3,0.974109,-6.45538e-06,0.974124,-6.43298e-06
1.77554e+09,2.35,0.974109,-6.45587e-06,0.974124,-6.43298e-06
1.77554e+09,2.4,0.974108,-6.45636e-06,0.974124,-6.43298e-06
1.77554e+09,2.45,0.974108,-6.45684e-06,0.974124,-6.43298e-06
1.77554e+09,2.5,0.974108,-6.45733e-06,0.974124,-6.43298e-06
1.77554e+09,0,0.910158,-1.38724e-05,0.910158,-1.38724e-05
1.77554e+09,0.05,0.910157,-1.38729e-05,0.910158,-1.38724e-05
1.77554e+09,0.1,0.910157,-1.38734e-05,0.910158,-1.38724e-05
1.77554e+09,0.15,0.910156,-1.38738e-05,0.910158,-1.38724e-05
1.77554e+09,0.2,0.910155,-1.38743e-05,0.910158,-1.38724e-05
1.77554e+09,0.25,0.910155,-1.38747e-05,0.910158,-1.38724e-05
1.77554e+09,0.3,0.910154,-1.38752e-05,0.910158,-1.38724e-05
1.77554e+09,0.35,0.910153,-1.38756e-05,0.910158,-1.38724e-05
1.77554e+09,0.4,0.910153,-1.38761e-05,0.910158,-1.38724e-05
1.77554e+09,0.45,0.910152,-1.38765e-05,0.910158,-1.38724e-05
1.77554e+09,0.5,0.910151,-1.3877e-05,0.910158,-1.38724e-05
1.77554e+09,0.55,0.91015,-1.38774e-05,0.910158,-1.38724e-05
1.77554e+09,0.6,0.91015,-1.38779e-05,0.910158,-1.38724e-05
1.77554e+09,0.65,0.910149,-1.38784e-05,0.910158,-1.38724e-05
1.77554e+09,0.7,0.910148,-1.38788e-05,0.910158,-1.38724e-05
1.77554e+09,0.75,0.910148,-1.38793e-05,0.910158,-1.38724e-05
1.77554e+09,0.8,0.910147,-1.38797e-05,0.910158,-1.38724e-05
1.77554e+09,0.85,0.910146,-1.38802e-05,0.910158,-1.38724e-05
1.77554e+09,0.9,0.910146,-1.38806e-05,0.910158,-1.38724e-05
1.77554e+09,0.95,0.910145,-1.38811e-05,0.910158,-1.38724e-05
1.77554e+09,1,0.910144,-1.38815e-05,0.910158,-1.38724e-05
1.77554e+09,1.05,0.910143,-1.3882e-05,0.910158,-1.38724e-05
1.77554e+09,1.1,0.910143,-1.38825e-05,0.910158,-1.38724e-05
1.77554e+09,1.15,0.910142,-1.38829e-05,0.910158,-1.38724e-05
1.77554e+09,1.2,0.910141,-1.38834e-05,0.910158,-1.38724e-05
1.77554e+09,1.25,0.910141,-1.38838e-05,0.910158,-1.38724e-05
1.77554e+09,1.3,0.91014,-1.38843e-05,0.910158,-1.38724e-05
1.77554e+09,1.35,0.910139,-1.38847e-05,0.910158,-1.38724e-05
1.77554e+09,1.4,0.910139,-1.38852e-05,0.910158,-1.38724e-05
1.77554e+09,1.45,0.910138,-1.38856e-05,0.910158,-1.38724e-05
1.77554e+09,1.5,0.910137,-1.38861e-05,0.910158,-1.38724e-05
1.77554e+09,1.55,0.910137,-1.38865e-05,0.910158,-1.38724e-05
1.77554e+09,1.6,0.910136,-1.3887e-05,0.910158,-1.38724e-05
1.77554e+09,1.65,0.910135,-1.38875e-05,0.910158,-1.38724e-05
1.77554e+09,1.7,0.910134,-1.38879e-05,0.910158,-1.38724e-05
1.77554e+09,1.75,0.910134,-1.38884e-05,0.910158,-1.38724e-05
1.77554e+09,1.8,0.910133,-1.38888e-05,0.910158,-1.38724e-05
1.77554e+09,1.85,0.910132,-1.38893e-05,0.910158,-1.38724e-05
1.77554e+09,1.9,0.910132,-1.38897e-05,0.910158,-1.38724e-05
1.77554e+09,1.95,0.910131,-1.38902e-05,0.910158,-1.38724e-05
1.77554e+09,2,0.91013,-1.38906e-05,0.910158,-1.38724e-05
1.77554e+09,2.05,0.91013,-1.38911e-05,0.910158,-1.38724e-05
1.77554e+09,2.1,0.910129,-1.38916e-05,0.910158,-1.38724e-05
1.77554e+09,2.15,0.910128,-1.3892e-05,0.910158,-1.38724e-05
1.77554e+09,2.2,0.910128,-1.38925e-05,0.910158,-1.38724e-05
1.77554e+09,2.25,0.910127,-1.38929e-05,0.910158,-1.38724e-05
1.77554e+09,2.3,0.910126,-1.38934e-05,0.910158,-1.38724e-05
1.77554e+09,2.35,0.910125,-1.38938e-05,0.910158,-1.38724e-05
1.77554e+09,2.4,0.910125,-1.38943e-05,0.910158,-1.38724e-05
1.77554e+09,2.45,0.910124,-1.38947e-05,0.910158,-1.38724e-05
1.77554e+09,2.5,0.910123,-1.38952e-05,0.910158,-1.38724e-05
1.77554e+09,0,0.810197,-2.10907e-05,0.810197,-2.10907e-05
1.77554e+09,0.05,0.810196,-2.10911e-05,0.810197,-2.10907e-05
1.77554e+09,0.1,0.810195,-2.10915e-05,0.810197,-2.10907e-05
1.77554e+09,0.15,0.810194,-2.10919e-05,0.810197,-2.10907e-05
1.77554e+09,0.2,0.810193,-2.10924e-05,0.810197,-2.10907e-05
1.77554e+09,0.25,0.810192,-2.10928e-05,0.810197,-2.10907e-05
1.77554e+09,0.3,0.810191,-2.10932e-05,0.810197,-2.10907e-05
1.77554e+09,0.35,0.81019,-2.10936e-05,0.810197,-2.10907e-05
1.77554e+09,0.4,0.810189,-2.1094e-05,0.810197,-2.10907e-05
1.77554e+09,0.45,0.810188,-2.10944e-05,0.810197,-2.10907e-05
1.77554e+09,0.5,0.810187,-2.10948e-05,0.810197,-2.10907e-05
1.77554e+09,0.55,0.810186,-2.10952e-05,0.810197,-2.10907e-05
1.77554e+09,0.6,0.810184,-2.10956e-05,0.810197,-2.10907e-05
1.77554e+09,0.65,0.810183,-2.1096e-05,0.810197,-2.10907e-05
1.77554e+09,0.7,0.810182,-2.10964e-05,0.810197,-2.10907e-05
1.77554e+09,0.75,0.810181,-2.10968e-05,0.810197,-2.10907e-05
1.77554e+09,0.8,0.81018,-2.10972e-05,0.810197,-2.10907e-05
1.77554e+09,0.85,0.810179,-2.10976e-05,0.810197,-2.10907e-05
1.77554e+09,0.9,0.810178,-2.1098e-05,0.810197,-2.10907e-05
1.77554e+09,0.95,0.810177,-2.10984e-05,0.810197,-2.10907e-05
1.77554e+09,1,0.810176,-2.10988e-05,0.810197,-2.10907e-05
1.77554e+09,1.05,0.810175,-2.10992e-05,0.810197,-2.10907e-05
1.77554e+09,1.1,0.810174,-2.10996e-05,0.810197,-2.10907e-05
1.77554e+09,1.15,0.810173,-2.11e-05,0.810197,-2.10907e-05
1.77554e+09,1.2,0.810172,-2.11005e-05,0.810197,-2.10907e-05
1.77554e+09,1.25,0.810171,-2.11009e-05,0.810197,-2.10907e-05
1.77554e+09,1.3,0.81017,-2.11013e-05,0.810197,-2.10907e-05
1.77554e+09,1.35,0.810169,-2.11017e-05,0.810197,-2.10907e-05
1.77554e+09,1.4,0.810168,-2.11021e-05,0.810197,-2.10907e-05
1.77554e+09,1.45,0.810167,-2.11025e-05,0.810197,-2.10907e-05
1.77554e+09,1.5,0.810165,-2.11029e-05,0.810197,-2.10907e-05
1.77554e+09,1.55,0.810164,-2.11033e-05,0.810197,-2.10907e-05
1.77554e+09,1.6,0.810163,-2.11037e-05,0.810197,-2.10907e-05
1.77554e+09,1.65,0.810162,-2.11041e-05,0.810197,-2.10907e-05
1.77554e+09,1.7,0.810161,-2.11045e-05,0.810197,-2.10907e-05
1.77554e+09,1.75,0.81016,-2.11049e-05,0.810197,-2.10907e-05
1.77554e+09,1.8,0.810159,-2.11053e-05,0.810197,-2.10907e-05
1.77554e+09,1.85,0.810158,-2.11057e-05,0.810197,-2.10907e-05
1.77554e+09,1.9,0.810157,-2.11061e-05,0.810197,-2.10907e-05
1.77554e+09,1.95,0.810156,-2.11065e-05,0.810197,-2.10907e-05
1.77554e+09,2,0.810155,-2.11069e-05,0.810197,-2.10907e-05
1.77554e+09,2.05,0.810154,-2.11073e-05,0.810197,-2.10907e-05
1.77554e+09,2.1,0.810153,-2.11077e-05,0.810197,-2.10907e-05
1.77554e+09,2.15,0.810152,-2.11081e-05,0.810197,-2.10907e-05
1.77554e+09,2.2,0.810151,-2.11086e-05,0.810197,-2.10907e-05
1.77554e+09,2.25,0.81015,-2.1109e-05,0.810197,-2.10907e-05
1.77554e+09,2.3,0.810149,-2.11094e-05,0.810197,-2.10907e-05
1.77554e+09,2.35,0.810148,-2.11098e-05,0.810197,-2.10907e-05
1.77554e+09,2.4,0.810146,-2.11102e-05,0.810197,-2.10907e-05
1.77554e+09,2.45,0.810145,-2.11106e-05,0.810197,-2.10907e-05
1.77554e+09,2.5,0.810144,-2.1111e-05,0.810197,-2.10907e-05
1.77554e+09,0,0.677539,-2.68337e-05,0.677539,-2.68337e-05
1.77554e+09,0.05,0.677538,-2.6834e-05,0.677539,-2.68337e-05
1.77554e+09,0.1,0.677537,-2.68343e-05,0.677539,-2.68337e-05
1.77554e+09,0.15,0.677535,-2.68347e-05,0.677539,-2.68337e-05
1.77554e+09,0.2,0.677534,-2.6835e-05,0.677539,-2.68337e-05
1.77554e+09,0.25,0.677532,-2.68354e-05,0.677539,-2.68337e-05
1.77554e+09,0.3,0.677531,-2.68357e-05,0.677539,-2.68337e-05
1.77554e+09,0.35,0.67753,-2.6836e-05,0.677539,-2.68337e-05
1.77554e+09,0.4,0.677528,-2.68364e-05,0.677539,-2.68337e-05
1.77554e+09,0.45,0.677527,-2.68367e-05,0.677539,-2.68337e-05
1.77554e+09,0.5,0.677526,-2.68371e-05,0.677539,-2.68337e-05
1.77554e+09,0.55,0.677524,-2.68374e-05,0.677539,-2.68337e-05
1.77554e+09,0.6,0.677523,-2.68377e-05,0.677539,-2.68337e-05
1.77554e+09,0.65,0.677522,-2.68381e-05,0.677539,-2.68337e-05
1.77554e+09,0.7,0.67752,-2.68384e-05,0.677539,-2.68337e-05
1.77554e+09,0.75,0.677519,-2.68387e-05,0.677539,-2.68337e-05
1.77554e+09,0.8,0.677518,-2.68391e-05,0.677539,-2.68337e-05
1.77554e+09,0.85,0.677516,-2.68394e-05,0.677539,-2.68337e-05
1.77554e+09,0.9,0.677515,-2.68398e-05,0.677539,-2.68337e-05
1.77554e+09,0.95,0.677514,-2.68401e-05,0.677539,-2.68337e-05
1.77554e+09,1,0.677512,-2.68404e-05,0.677539,-2.68337e-05
1.77554e+09,1.05,0.677511,-2.68408e-05,0.677539,-2.68337e-05
1.77554e+09,1.1,0.67751,-2.68411e-05,0.677539,-2.68337e-05
1.77554e+09,1.15,0.677508,-2.68415e-05,0.677539,-2.68337e-05
1.77554e+09,1.2,0.677507,-2.68418e-05,0.677539,-2.68337e-05
1.77554e+09,1.25,0.677506,-2.68421e-05,0.677539,-2.68337e-05
1.77554e+09,1.3,0.677504,-2.68425e-05,0.677539,-2.68337e-05
1.77554e+09,1.35,0.677503,-2.68428e-05,0.677539,-2.68337e-05
1.77554e+09,1.4,0.677502,-2.68431e-05,0.677539,-2.68337e-05
1.77554e+09,1.45,0.6775,-2.68435e-05,0.677539,-2.68337e-05
1.77554e+09,1.5,0.677499,-2.68438e-05,0.677539,-2.68337e-05
1.77554e+09,1.55,0.677498,-2.68442e-05,0.677539,-2.68337e-05
1.77554e+09,1.6,0.677496,-2.68445e-05,0.677539,-2.68337e-05
1.77554e+09,1.65,0.677495,-2.68448e-05,0.677539,-2.68337e-05
1.77554e+09,1.7,0.677494,-2.68452e-05,0.677539,-2.68337e-05
1.77554e+09,1.75,0.677492,-2.68455e-05,0.677539,-2.68337e-05
1.77554e+09,1.8,0.677491,-2.68459e-05,0.677539,-2.68337e-05
1.77554e+09,1.85,0.67749,-2.68462e-05,0.677539,-2.68337e-05
1.77554e+09,1.9,0.677488,-2.68465e-05,0.677539,-2.68337e-05
1.77554e+09,1.95,0.677487,-2.68469e-05,0.677539,-2.68337e-05
1.77554e+09,2,0.677486,-2.68472e-05,0.677539,-2.68337e-05
1.77554e+09,2.05,0.677484,-2.68476e-05,0.677539,-2.68337e-05
1.77554e+09,2.1,0.677483,-2.68479e-05,0.677539,-2.68337e-05
1.77554e+09,2.15,0.677481,-2.68482e-05,0.677539,-2.68337e-05
1.77554e+09,2.2,0.67748,-2.68486e-05,0.677539,-2.68337e-05
1.77554e+09,2.25,0.677479,-2.68489e-05,0.677539,-2.68337e-05
1.77554e+09,2.3,0.677477,-2.68492e-05,0.677539,-2.68337e-05
1.77554e+09,2.35,0.677476,-2.68496e-05,0.677539,-2.68337e-05
1.77554e+09,2.4,0.677475,-2.68499e-05,0.677539,-2.68337e-05
1.77554e+09,2.45,0.677473,-2.68503e-05,0.677539,-2.68337e-05
1.77554e+09,2.5,0.677472,-2.68506e-05,0.677539,-2.68337e-05
1.77554e+09,0,0.337642,-3.58432e-05,0.337642,-3.58432e-05
1.77554e+09,0.05,0.33764,-3.58433e-05,0.337642,-3.58432e-05
1.77554e+09,0.1,0.337638,-3.58435e-05,0.337642,-3.58432e-05
1.77554e+09,0.15,0.337637,-3.58437e-05,0.337642,-3.58432e-05
1.77554e+09,0.2,0.337635,-3.58439e-05,0.337642,-3.58432e-05
1.77554e+09,0.25,0.337633,-3.5844e-05,0.337642,-3.58432e-05
1.77554e+09,0.3,0.337631,-3.58442e-05,0.337642,-3.58432e-05
1.77554e+09,0.35,0.337629,-3.58444e-05,0.337642,-3.58432e-05
1.77554e+09,0.4,0.337628,-3.58445e-05,0.337642,-3.58432e-05
1.77554e+09,0.45,0.337626,-3.58447e-05,0.337642,-3.58432e-05
1.77554e+09,0.5,0.337624,-3.58449e-05,0.337642,-3.58432e-05
1.77554e+09,0.55,0.337622,-3.5845e-05,0.337642,-3.58432e-05
1.77554e+09,0.6,0.337621,-3.58452e-05,0.337642,-3.58432e-05
1.77554e+09,0.65,0.337619,-3.58454e-05,0.337642,-3.58432e-05
1.77554e+09,0.7,0.337617,-3.58455e-05,0.337642,-3.58432e-05
1.77554e+09,0.75,0.337615,-3.58457e-05,0.337642,-3.58432e-05
1.77554e+09,0.8,0.337613,-3.58459e-05,0.337642,-3.58432e-05
1.77554e+09,0.85,0.337612,-3.5846e-05,0.337642,-3.58432e-05
1.77554e+09,0.9,0.33761,-3.58462e-05,0.337642,-3.58432e-05
1.77554e+09,0.95,0.337608,-3.58464e-05,0.337642,-3.58432e-05
1.77554e+09,1,0.337606,-3.58466e-05,0.337642,-3.58432e-05
1.77554e+09,1.05,0.337604,-3.58467e-05,0.337642,-3.58432e-05
1.77554e+09,1.1,0.337603,-3.58469e-05,0.337642,-3.58432e-05
1.77554e+09,1.15,0.337601,-3.58471e-05,0.337642,-3.58432e-05
1.77554e+09,1.2,0.337599,-3.58472e-05,0.337642,-3.58432e-05
1.77554e+09,1.25,0.337597,-3.58474e-05,0.337642,-3.58432e-05
1.77554e+09,1.3,0.337595,-3.58476e-05,0.337642,-3.58432e-05
1.77554e+09,1.35,0.337594,-3.58477e-05,0.337642,-3.58432e-05
1.77554e+09,1.4,0.337592,-3.58479e-05,0.337642,-3.58432e-05
1.77554e+09,1.45,0.33759,-3.58481e-05,0.337642,-3.58432e-05
1.77554e+09,1.5,0.337588,-3.58482e-05,0.337642,-3.58432e-05
1.77554e+09,1.55,0.337586,-3.58484e-05,0.337642,-3.58432e-05
1.77554e+09,1.6,0.337585,-3.58486e-05,0.337642,-3.58432e-05
1.77554e+09,1.65,0.337583,-3.58487e-05,0.337642,-3.58432e-05
1.77554e+09,1.7,0.337581,-3.58489e-05,0.337642,-3.58432e-05
1.77554e+09,1.75,0.337579,-3.58491e-05,0.337642,-3.58432e-05
1.77554e+09,1.8,0.337577,-3.58493e-05,0.337642,-3.58432e-05
1.77554e+09,1.85,0.337576,-3.58494e-05,0.337642,-3.58432e-05
1.77554e+09,1.9,0.337574,-3.58496e-05,0.337642,-3.58432e-05
1.77554e+09,1.95,0.337572,-3.58498e-05,0.337642,-3.58432e-05
1.77554e+09,2,0.33757,-3.58499e-05,0.337642,-3.58432e-05
1.77554e+09,2.05,0.337569,-3.58501e-05,0.337642,-3.58432e-05
1.77554e+09,2.1,0.337567,-3.58503e-05,0.337642,-3.58432e-05
1.77554e+09,2.15,0.337565,-3.58504e-05,0.337642,-3.58432e-05
1.77554e+09,2.2,0.337563,-3.58506e-05,0.337642,-3.58432e-05
1.77554e+09,2.25,0.337561,-3.58508e-05,0.337642,-3.58432e-05
1.77554e+09,2.3,0.33756,-3.58509e-05,0.337642,-3.58432e-05
1.77554e+09,2.35,0.337558,-3.58511e-05,0.337642,-3.58432e-05
1.77554e+09,2.4,0.337556,-3.58513e-05,0.337642,-3.58432e-05
1.77554e+09,2.45,0.337554,-3.58514e-05,0.337642,-3.58432e-05
1.77554e+09,2.5,0.337552,-3.58516e-05,0.337642,-3.58432e-05
1.77554e+09,0,0.144282,-3.77779e-05,0.144282,-3.77779e-05
1.77554e+09,0.05,0.14428,-3.77779e-05,0.144282,-3.77779e-05
1.77554e+09,0.1,0.144278,-3.7778e-05,0.144282,-3.77779e-05
1.77554e+09,0.15,0.144276,-3.77781e-05,0.144282,-3.77779e-05
1.77554e+09,0.2,0.144275,-3.77782e-05,0.144282,-3.77779e-05
1.77554e+09,0.25,0.144273,-3.77782e-05,0.144282,-3.77779e-05
1.77554e+09,0.3,0.144271,-3.77783e-05,0.144282,-3.77779e-05
1.77554e+09,0.35,0.144269,-3.77784e-05,0.144282,-3.77779e-05
1.77554e+09,0.4,0.144267,-3.77784e-05,0.144282,-3.77779e-05
1.77554e+09,0.45,0.144265,-3.77785e-05,0.144282,-3.77779e-05
1.77554e+09,0.5,0.144263,-3.77786e-05,0.144282,-3.77779e-05
1.77554e+09,0.55,0.144261,-3.77787e-05,0.144282,-3.77779e-05
1.77554e+09,0.6,0.144259,-3.77787e-05,0.144282,-3.77779e-05
1.77554e+09,0.65,0.144258,-3.77788e-05,0.144282,-3.77779e-05
1.77554e+09,0.7,0.144256,-3.77789e-05,0.144282,-3.77779e-05
1.77554e+09,0.75,0.144254,-3.77789e-05,0.144282,-3.77779e-05
1.77554e+09,0.8,0.144252,-3.7779e-05,0.144282,-3.77779e-05
1.77554e+09,0.85,0.14425,-3.77791e-05,0.144282,-3.77779e-05
1.77554e+09,0.9,0.144248,-3.77792e-05,0.144282,-3.77779e-05
1.77554e+09,0.95,0.144246,-3.77792e-05,0.144282,-3.77779e-05
1.77554e+09,1,0.144244,-3.77793e-05,0.144282,-3.77779e-05
1.77554e+09,1.05,0.144242,-3.77794e-05,0.144282,-3.77779e-05
1.77554e+09,1.1,0.144241,-3.77795e-05,0.144282,-3.77779e-05
1.77554e+09,1.15,0.144239,-3.77795e-05,0.144282,-3.77779e-05
1.77554e+09,1.2,0.144237,-3.77796e-05,0.144282,-3.77779e-05
1.77554e+09,1.25,0.144235,-3.77797e-05,0.144282,-3.77779e-05
1.77554e+09,1.3,0.144233,-3.77797e-05,0.144282,-3.77779e-05
1.77554e+09,1.35,0.144231,-3.77798e-05,0.144282,-3.77779e-05
1.77554e+09,1.4,0.144229,-3.77799e-05,0.144282,-3.77779e-05
1.77554e+09,1.45,0.144227,-3.778e-05,0.144282,-3.77779e-05
1.77554e+09,1.5,0.144225,-3.778e-05,0.144282,-3.77779e-05
1.77554e+09,1.55,0.144224,-3.77801e-05,0.144282,-3.77779e-05
1.77554e+09,1.6,0.144222,-3.77802e-05,0.144282,-3.77779e-05
1.77554e+09,1.65,0.14422,-3.77802e-05,0.144282,-3.77779e-05
1.77554e+09,1.7,0.144218,-3.77803e-05,0.144282,-3.77779e-05
1.77554e+09,1.75,0.144216,-3.77804e-05,0.144282,-3.77779e-05
1.77554e+09,1.8,0.144214,-3.77805e-05,0.144282,-3.77779e-05
1.77554e+09,1.85,0.144212,-3.77805e-05,0.144282,-3.77779e-05
1.77554e+09,1.9,0.14421,-3.77806e-05,0.144282,-3.77779e-05
1.77554e+09,1.95,0.144208,-3.77807e-05,0.144282,-3.77779e-05
1.77554e+09,2,0.144207,-3.77808e-05,0.144282,-3.77779e-05
1.77554e+09,2.05,0.144205,-3.77808e-05,0.144282,-3.77779e-05
1.77554e+09,2.1,0.144203,-3.77809e-05,0.144282,-3.77779e-05
1.77554e+09,2.15,0.144201,-3.7781e-05,0.144282,-3.77779e-05
1.77554e+09,2.2,0.144199,-3.7781e-05,0.144282,-3.77779e-05
1.77554e+09,2.25,0.144197,-3.77811e-05,0.144282,-3.77779e-05
1.77554e+09,2.3,0.144195,-3.77812e-05,0.144282,-3.77779e-05
1.77554e+09,2.35,0.144193,-3.77813e-05,0.144282,-3.77779e-05
1.77554e+09,2.4,0.144191,-3.77813e-05,0.144282,-3.77779e-05
1.77554e+09,2.45,0.14419,-3.77814e-05,0.144282,-3.77779e-05
1.77554e+09,2.5,0.144188,-3.77815e-05,0.144282,-3.77779e-05
1.77554e+09,0,-0.0565792,-3.764e-05,-0.0565792,-3.764e-05
1.77554e+09,0.05,-0.0565811,-3.76399e-05,-0.0565792,-3.764e-05
1.77554e+09,0.1,-0.056583,-3.76399e-05,-0.0565792,-3.764e-05
1.77554e+09,0.15,-0.0565849,-3.76399e-05,-0.0565792,-3.764e-05
1.77554e+09,0.2,-0.0565867,-3.76399e-05,-0.0565792,-3.764e-05
1.77554e+09,0.25,-0.0565886,-3.76398e-05,-0.0565792,-3.764e-05
1.77554e+09,0.3,-0.0565905,-3.76398e-05,-0.0565792,-3.764e-05
1.77554e+09,0.35,-0.0565924,-3.76398e-05,-0.0565792,-3.764e-05
1.77554e+09,0.4,-0.0565943,-3.76397e-05,-0.0565792,-3.764e-05
1.77554e+09,0.45,-0.0565961,-3.76397e-05,-0.0565792,-3.764e-05
1.77554e+09,0.5,-0.056598,-3.76397e-05,-0.0565792,-3.764e-05
1.77554e+09,0.55,-0.0565999,-3.76397e-05,-0.0565792,-3.764e-05
1.77554e+09,0.6,-0.0566018,-3.76396e-05,-0.0565792,-3.764e-05
1.77554e+09,0.65,-0.0566037,-3.76396e-05,-0.0565792,-3.764e-05
1.77554e+09,0.7,-0.0566056,-3.76396e-05,-0.0565792,-3.764e-05
1.77554e+09,0.75,-0.0566074,-3.76395e-05,-0.0565792,-3.764e-05
1.77554e+09,0.8,-0.0566093,-3.76395e-05,-0.0565792,-3.764e-05
1.77554e+09,0.85,-0.0566112,-3.76395e-05,-0.0565792,-3.764e-05
1.77554e+09,0.9,-0.0566131,-3.76395e-05,-0.0565792,-3.764e-05
1.77554e+09,0.95,-0.056615,-3.76394e-05,-0.0565792,-3.764e-05
1.77554e+09,1,-0.0566168,-3.76394e-05,-0.0565792,-3.764e-05
1.77554e+09,1.05,-0.0566187,-3.76394e-05,-0.0565792,-3.764e-05
1.77554e+09,1.1,-0.0566206,-3.76393e-05,-0.0565792,-3.764e-05
1.77554e+09,1.15,-0.0566225,-3.76393e-05,-0.0565792,-3.764e-05
1.77554e+09,1.2,-0.0566244,-3.76393e-05,-0.0565792,-3.764e-05
1.77554e+09,1.25,-0.0566263,-3.76393e-05,-0.0565792,-3.764e-05
1.77554e+09,1.3,-0.0566281,-3.76392e-05,-0.0565792,-3.764e-05
1.77554e+09,1.35,-0.05663,-3.76392e-05,-0.0565792,-3.764e-05
1.77554e+09,1.4,-0.0566319,-3.76392e-05,-0.0565792,-3.764e-05
1.77554e+09,1.45,-0.0566338,-3.76391e-05,-0.0565792,-3.764e-05
1.77554e+09,1.5,-0.0566357,-3.76391e-05,-0.0565792,-3.764e-05
1.77554e+09,1.55,-0.0566375,-3.76391e-05,-0.0565792,-3.764e-05
1.77554e+09,1.6,-0.0566394,-3.76391e-05,-0.0565792,-3.764e-05
1.77554e+09,1.65,-0.0566413,-3.7639e-05,-0.0565792,-3.764e-05
1.77554e+09,1.7,-0.0566432,-3.7639e-05,-0.0565792,-3.764e-05
1.77554e+09,1.75,-0.0566451,-3.7639e-05,-0.0565792,-3.764e-05
1.77554e+09,1.8,-0.056647,-3.76389e-05,-0.0565792,-3.764e-05
1.77554e+09,1.85,-0.0566488,-3.76389e-05,-0.0565792,-3.764e-05
1.77554e+09,1.9,-0.0566507,-3.76389e-05,-0.0565792,-3.764e-05
1.77554e+09,1.95,-0.0566526,-3.76389e-05,-0.0565792,-3.764e-05
1.77554e+09,2,-0.0566545,-3.76388e-05,-0.0565792,-3.764e-05
1.77554e+09,2.05,-0.0566564,-3.76388e-05,-0.0565792,-3.764e-05
1.77554e+09,2.1,-0.0566582,-3.76388e-05,-0.0565792,-3.764e-05
1.77554e+09,2.15,-0.0566601,-3.76387e-05,-0.0565792,-3.764e-05
1.77554e+09,2.2,-0.056662,-3.76387e-05,-0.0565792,-3.764e-05
1.77554e+09,2.25,-0.0566639,-3.76387e-05,-0.0565792,-3.764e-05
1.77554e+09,2.3,-0.0566658,-3.76387e-05,-0.0565792,-3.764e-05
1.77554e+09,2.35,-0.0566677,-3.76386e-05,-0.0565792,-3.764e-05
1.77554e+09,2.4,-0.0566695,-3.76386e-05,-0.0565792,-3.764e-05
1.77554e+09,2.45,-0.0566714,-3.76386e-05,-0.0565792,-3.764e-05
1.77554e+09,2.5,-0.0566733,-3.76385e-05,-0.0565792,-3.764e-05
1.77554e+09,0,-0.252176,-3.80368e-05,-0.252176,-3.80368e-05
1.77554e+09,0.05,-0.252178,-3.80366e-05,-0.252176,-3.80368e-05
1.77554e+09,0.1,-0.25218,-3.80365e-05,-0.252176,-3.80368e-05
1.77554e+09,0.15,-0.252182,-3.80364e-05,-0.252176,-3.80368e-05
1.77554e+09,0.2,-0.252184,-3.80363e-05,-0.252176,-3.80368e-05
1.77554e+09,0.25,-0.252186,-3.80361e-05,-0.252176,-3.80368e-05
1.77554e+09,0.3,-0.252188,-3.8036e-05,-0.252176,-3.80368e-05
1.77554e+09,0.35,-0.25219,-3.80359e-05,-0.252176,-3.80368e-05
1.77554e+09,0.4,-0.252191,-3.80357e-05,-0.252176,-3.80368e-05
1.77554e+09,0.45,-0.252193,-3.80356e-05,-0.252176,-3.80368e-05
1.77554e+09,0.5,-0.252195,-3.80355e-05,-0.252176,-3.80368e-05
1.77554e+09,0.55,-0.252197,-3.80354e-05,-0.252176,-3.80368e-05
1.77554e+09,0.6,-0.252199,-3.80352e-05,-0.252176,-3.80368e-05
1.77554e+09,0.65,-0.252201,-3.80351e-05,-0.252176,-3.80368e-05
1.77554e+09,0.7,-0.252203,-3.8035e-05,-0.252176,-3.80368e-05
1.77554e+09,0.75,-0.252205,-3.80349e-05,-0.252176,-3.80368e-05
1.77554e+09,0.8,-0.252207,-3.80347e-05,-0.252176,-3.80368e-05
1.77554e+09,0.85,-0.252209,-3.80346e-05,-0.252176,-3.80368e-05
1.77554e+09,0.9,-0.25221,-3.80345e-05,-0.252176,-3.80368e-05
1.77554e+09,0.95,-0.252212,-3.80344e-05,-0.252176,-3.80368e-05
1.77554e+09,1,-0.252214,-3.80342e-05,-0.252176,-3.80368e-05
1.77554e+09,1.05,-0.252216,-3.80341e-05,-0.252176,-3.80368e-05
1.77554e+09,1.1,-0.252218,-3.8034e-05,-0.252176,-3.80368e-05
1.77554e+09,1.15,-0.25222,-3.80339e-05,-0.252176,-3.80368e-05
1.77554e+09,1.2,-0.252222,-3.80337e-05,-0.252176,-3.80368e-05
1.77554e+09,1.25,-0.252224,-3.80336e-05,-0.252176,-3.80368e-05
1.77554e+09,1.3,-0.252226,-3.80335e-05,-0.252176,-3.80368e-05
1.77554e+09,1.35,-0.252228,-3.80334e-05,-0.252176,-3.80368e-05
1.77554e+09,1.4,-0.252229,-3.80332e-05,-0.252176,-3.80368e-05
1.77554e+09,1.45,-0.252231,-3.80331e-05,-0.252176,-3.80368e-05
1.77554e+09,1.5,-0.252233,-3.8033e-05,-0.252176,-3.80368e-05
1.77554e+09,1.55,-0.252235,-3.80328e-05,-0.252176,-3.80368e-05
1.77554e+09,1.6,-0.252237,-3.80327e-05,-0.252176,-3.80368e-05
1.77554e+09,1.65,-0.252239,-3.80326e-05,-0.252176,-3.80368e-05
1.77554e+09,1.7,-0.252241,-3.80325e-05,-0.252176,-3.80368e-05
1.77554e+09,1.75,-0.252243,-3.80323e-05,-0.252176,-3.80368e-05
1.77554e+09,1.8,-0.252245,-3.80322e-05,-0.252176,-3.80368e-05
1.77554e+09,1.85,-0.252247,-3.80321e-05,-0.252176,-3.80368e-05
1.77554e+09,1.9,-0.252249,-3.8032e-05,-0.252176,-3.80368e-05
1.77554e+09,1.95,-0.25225,-3.80318e-05,-0.252176,-3.80368e-05
1.77554e+09,2,-0.252252,-3.80317e-05,-0.252176,-3.80368e-05
1.77554e+09,2.05,-0.252254,-3.80316e-05,-0.252176,-3.80368e-05
1.77554e+09,2.1,-0.252256,-3.80315e-05,-0.252176,-3.80368e-05
1.77554e+09,2.15,-0.252258,-3.80313e-05,-0.252176,-3.80368e-05
1.77554e+09,2.2,-0.25226,-3.80312e-05,-0.252176,-3.80368e-05
1.77554e+09,2.25,-0.252262,-3.80311e-05,-0.252176,-3.80368e-05
1.77554e+09,2.3,-0.252264,-3.8031e-05,-0.252176,-3.80368e-05
1.77554e+09,2.35,-0.252266,-3.80308e-05,-0.252176,-3.80368e-05
1.77554e+09,2.4,-0.252268,-3.80307e-05,-0.252176,-3.80368e-05
1.77554e+09,2.45,-0.252269,-3.80306e-05,-0.252176,-3.80368e-05
1.77554e+09,2.5,-0.252271,-3.80305e-05,-0.252176,-3.80368e-05
1.77554e+09,0,-0.439552,-3.57129e-05,-0.439552,-3.57129e-05
1.77554e+09,0.05,-0.439554,-3.57127e-05,-0.439552,-3.57129e-05
1.77554e+09,0.1,-0.439556,-3.57125e-05,-0.439552,-3.57129e-05
1.77554e+09,0.15,-0.439557,-3.57122e-05,-0.439552,-3.57129e-05
1.77554e+09,0.2,-0.439559,-3.5712e-05,-0.439552,-3.57129e-05
1.77554e+09,0.25,-0.439561,-3.57118e-05,-0.439552,-3.57129e-05
1.77554e+09,0.3,-0.439563,-3.57116e-05,-0.439552,-3.57129e-05
1.77554e+09,0.35,-0.439565,-3.57114e-05,-0.439552,-3.57129e-05
1.77554e+09,0.4,-0.439566,-3.57111e-05,-0.439552,-3.57129e-05
1.77554e+09,0.45,-0.439568,-3.57109e-05,-0.439552,-3.57129e-05
1.77554e+09,0.5,-0.43957,-3.57107e-05,-0.439552,-3.57129e-05
1.77554e+09,0.55,-0.439572,-3.57105e-05,-0.439552,-3.57129e-05
1.77554e+09,0.6,-0.439574,-3.57103e-05,-0.439552,-3.57129e-05
1.77554e+09,0.65,-0.439575,-3.571e-05,-0.439552,-3.57129e-05
1.77554e+09,0.7,-0.439577,-3.57098e-05,-0.439552,-3.57129e-05
1.77554e+09,0.75,-0.439579,-3.57096e-05,-0.439552,-3.57129e-05
1.77554e+09,0.8,-0.439581,-3.57094e-05,-0.439552,-3.57129e-05
1.77554e+09,0.85,-0.439582,-3.57092e-05,-0.439552,-3.57129e-05
1.77554e+09,0.9,-0.439584,-3.57089e-05,-0.439552,-3.57129e-05
1.77554e+09,0.95,-0.439586,-3.57087e-05,-0.439552,-3.57129e-05
1.77554e+09,1,-0.439588,-3.57085e-05,-0.439552,-3.57129e-05
1.77554e+09,1.05,-0.43959,-3.57083e-05,-0.439552,-3.57129e-05
1.77554e+09,1.1,-0.439591,-3.57081e-05,-0.439552,-3.57129e-05
1.77554e+09,1.15,-0.439593,-3.57078e-05,-0.439552,-3.57129e-05
1.77554e+09,1.2,-0.439595,-3.57076e-05,-0.439552,-3.57129e-05
1.77554e+09,1.25,-0.439597,-3.57074e-05,-0.439552,-3.57129e-05
1.77554e+09,1.3,-0.439599,-3.57072e-05,-0.439552,-3.57129e-05
1.77554e+09,1.35,-0.4396,-3.5707e-05,-0.439552,-3.57129e-05
1.77554e+09,1.4,-0.439602,-3.57067e-05,-0.439552,-3.57129e-05
1.77554e+09,1.45,-0.439604,-3.57065e-05,-0.439552,-3.57129e-05
1.77554e+09,1.5,-0.439606,-3.57063e-05,-0.439552,-3.57129e-05
1.77554e+09,1.55,-0.439607,-3.57061e-05,-0.439552,-3.57129e-05
1.77554e+09,1.6,-0.439609,-3.57059e-05,-0.439552,-3.57129e-05
1.77554e+09,1.65,-0.439611,-3.57056e-05,-0.439552,-3.57129e-05
1.77554e+09,1.7,-0.439613,-3.57054e-05,-0.439552,-3.57129e-05
1.77554e+09,1.75,-0.439615,-3.57052e-05,-0.439552,-3.57129e-05
1.77554e+09,1.8,-0.439616,-3.5705e-05,-0.439552,-3.57129e-05
1.77554e+09,1.85,-0.439618,-3.57048e-05,-0.439552,-3.57129e-05
1.77554e+09,1.9,-0.43962,-3.57045e-05,-0.439552,-3.57129e-05
1.77554e+09,1.95,-0.439622,-3.57043e-05,-0.439552,-3.57129e-05
1.77554e+09,2,-0.439624,-3.57041e-05,-0.439552,-3.57129e-05
1.77554e+09,2.05,-0.439625,-3.57039e-05,-0.439552,-3.57129e-05
1.77554e+09,2.1,-0.439627,-3.57037e-05,-0.439552,-3.57129e-05
1.77554e+09,2.15,-0.439629,-3.57034e-05,-0.439552,-3.57129e-05
1.77554e+09,2.2,-0.439631,-3.57032e-05,-0.439552,-3.57129e-05
1.77554e+09,2.25,-0.439632,-3.5703e-05,-0.439552,-3.57129e-05
1.77554e+09,2.3,-0.439634,-3.57028e-05,-0.439552,-3.57129e-05
1.77554e+09,2.35,-0.439636,-3.57026e-05,-0.439552,-3.57129e-05
1.77554e+09,2.4,-0.439638,-3.57023e-05,-0.439552,-3.57129e-05
1.77554e+09,2.45,-0.43964,-3.57021e-05,-0.439552,-3.57129e-05
1.77554e+09,2.5,-0.439641,-3.57019e-05,-0.439552,-3.57129e-05
1.77554e+09,0,-0.608791,-3.29682e-05,-0.608791,-3.29682e-05
1.77554e+09,0.05,-0.608793,-3.29679e-05,-0.608791,-3.29682e-05
1.77554e+09,0.1,-0.608795,-3.29676e-05,-0.608791,-3.29682e-05
1.77554e+09,0.15,-0.608796,-3.29672e-05,-0.608791,-3.29682e-05
1.77554e+09,0.2,-0.608798,-3.29669e-05,-0.608791,-3.29682e-05
1.77554e+09,0.25,-0.608799,-3.29666e-05,-0.608791,-3.29682e-05
1.77554e+09,0.3,-0.608801,-3.29663e-05,-0.608791,-3.29682e-05
1.77554e+09,0.35,-0.608803,-3.2966e-05,-0.608791,-3.29682e-05
1.77554e+09,0.4,-0.608804,-3.29657e-05,-0.608791,-3.29682e-05
1.77554e+09,0.45,-0.608806,-3.29654e-05,-0.608791,-3.29682e-05
1.77554e+09,0.5,-0.608808,-3.29651e-05,-0.608791,-3.29682e-05
1.77554e+09,0.55,-0.608809,-3.29648e-05,-0.608791,-3.29682e-05
1.77554e+09,0.6,-0.608811,-3.29645e-05,-0.608791,-3.29682e-05
1.77554e+09,0.65,-0.608813,-3.29642e-05,-0.608791,-3.29682e-05
1.77554e+09,0.7,-0.608814,-3.29639e-05,-0.608791,-3.29682e-05
1.77554e+09,0.75,-0.608816,-3.29636e-05,-0.608791,-3.29682e-05
1.77554e+09,0.8,-0.608818,-3.29633e-05,-0.608791,-3.29682e-05
1.77554e+09,0.85,-0.608819,-3.2963e-05,-0.608791,-3.29682e-05
1.77554e+09,0.9,-0.608821,-3.29627e-05,-0.608791,-3.29682e-05
1.77554e+09,0.95,-0.608823,-3.29624e-05,-0.608791,-3.29682e-05
1.77554e+09,1,-0.608824,-3.29621e-05,-0.608791,-3.29682e-05
1.77554e+09,1.05,-0.608826,-3.29618e-05,-0.608791,-3.29682e-05
1.77554e+09,1.1,-0.608828,-3.29615e-05,-0.608791,-3.29682e-05
1.77554e+09,1.15,-0.608829,-3.29612e-05,-0.608791,-3.29682e-05
1.77554e+09,1.2,-0.608831,-3.29609e-05,-0.608791,-3.29682e-05
1.77554e+09,1.25,-0.608832,-3.29606e-05,-0.608791,-3.29682e-05
1.77554e+09,1.3,-0.608834,-3.29602e-05,-0.608791,-3.29682e-05
1.77554e+09,1.35,-0.608836,-3.29599e-05,-0.608791,-3.29682e-05
1.77554e+09,1.4,-0.608837,-3.29596e-05,-0.608791,-3.29682e-05
1.77554e+09,1.45,-0.608839,-3.29593e-05,-0.608791,-3.29682e-05
1.77554e+09,1.5,-0.608841,-3.2959e-05,-0.608791,-3.29682e-05
1.77554e+09,1.55,-0.608842,-3.29587e-05,-0.608791,-3.29682e-05
1.77554e+09,1.6,-0.608844,-3.29584e-05,-0.608791,-3.29682e-05
1.77554e+09,1.65,-0.608846,-3.29581e-05,-0.608791,-3.29682e-05
1.77554e+09,1.7,-0.608847,-3.29578e-05,-0.608791,-3.29682e-05
1.77554e+09,1.75,-0.608849,-3.29575e-05,-0.608791,-3.29682e-05
1.77554e+09,1.8,-0.608851,-3.29572e-05,-0.608791,-3.29682e-05
1.77554e+09,1.85,-0.608852,-3.29569e-05,-0.608791,-3.29682e-05
1.77554e+09,1.9,-0.608854,-3.29566e-05,-0.608791,-3.29682e-05
1.77554e+09,1.95,-0.608856,-3.29563e-05,-0.608791,-3.29682e-05
1.77554e+09,2,-0.608857,-3.2956e-05,-0.608791,-3.29682e-05
1.77554e+09,2.05,-0.608859,-3.29557e-05,-0.608791,-3.29682e-05
1.77554e+09,2.1,-0.60886,-3.29554e-05,-0.608791,-3.29682e-05
1.77554e+09,2.15,-0.608862,-3.29551e-05,-0.608791,-3.29682e-05
1.77554e+09,2.2,-0.608864,-3.29548e-05,-0.608791,-3.29682e-05
1.77554e+09,2.25,-0.608865,-3.29545e-05,-0.608791,-3.29682e-05
1.77554e+09,2.3,-0.608867,-3.29542e-05,-0.608791,-3.29682e-05
1.77554e+09,2.35,-0.608869,-3.29539e-05,-0.608791,-3.29682e-05
1.77554e+09,2.4,-0.60887,-3.29536e-05,-0.608791,-3.29682e-05
1.77554e+09,2.45,-0.608872,-3.29532e-05,-0.608791,-3.29682e-05
1.77554e+09,2.5,-0.608874,-3.29529e-05,-0.608791,-3.29682e-05
1.77554e+09,0,-0.754306,-2.71097e-05,-0.754306,-2.71097e-05
1.77554e+09,0.05,-0.754307,-2.71093e-05,-0.754306,-2.71097e-05
1.77554e+09,0.1,-0.754309,-2.71089e-05,-0.754306,-2.71097e-05
1.77554e+09,0.15,-0.75431,-2.71085e-05,-0.754306,-2.71097e-05
1.77554e+09,0.2,-0.754311,-2.71081e-05,-0.754306,-2.71097e-05
1.77554e+09,0.25,-0.754313,-2.71078e-05,-0.754306,-2.71097e-05
1.77554e+09,0.3,-0.754314,-2.71074e-05,-0.754306,-2.71097e-05
1.77554e+09,0.35,-0.754315,-2.7107e-05,-0.754306,-2.71097e-05
1.77554e+09,0.4,-0.754317,-2.71066e-05,-0.754306,-2.71097e-05
1.77554e+09,0.45,-0.754318,-2.71063e-05,-0.754306,-2.71097e-05
1.77554e+09,0.5,-0.75432,-2.71059e-05,-0.754306,-2.71097e-05
1.77554e+09,0.55,-0.754321,-2.71055e-05,-0.754306,-2.71097e-05
1.77554e+09,0.6,-0.754322,-2.71051e-05,-0.754306,-2.71097e-05
1.77554e+09,0.65,-0.754324,-2.71048e-05,-0.754306,-2.71097e-05
1.77554e+09,0.7,-0.754325,-2.71044e-05,-0.754306,-2.71097e-05
1.77554e+09,0.75,-0.754326,-2.7104e-05,-0.754306,-2.71097e-05
1.77554e+09,0.8,-0.754328,-2.71036e-05,-0.754306,-2.71097e-05
1.77554e+09,0.85,-0.754329,-2.71032e-05,-0.754306,-2.71097e-05
1.77554e+09,0.9,-0.75433,-2.71029e-05,-0.754306,-2.71097e-05
1.77554e+09,0.95,-0.754332,-2.71025e-05,-0.754306,-2.71097e-05
1.77554e+09,1,-0.754333,-2.71021e-05,-0.754306,-2.71097e-05
1.77554e+09,1.05,-0.754334,-2.71017e-05,-0.754306,-2.71097e-05
1.77554e+09,1.1,-0.754336,-2.71014e-05,-0.754306,-2.71097e-05
1.77554e+09,1.15,-0.754337,-2.7101e-05,-0.754306,-2.71097e-05
1.77554e+09,1.2,-0.754339,-2.71006e-05,-0.754306,-2.71097e-05
1.77554e+09,1.25,-0.75434,-2.71002e-05,-0.754306,-2.71097e-05
1.77554e+09,1.3,-0.754341,-2.70998e-05,-0.754306,-2.71097e-05
1.77554e+09,1.35,-0.754343,-2.70995e-05,-0.754306,-2.71097e-05
1.77554e+09,1.4,-0.754344,-2.70991e-05,-0.754306,-2.71097e-05
1.77554e+09,1.45,-0.754345,-2.70987e-05,-0.754306,-2.71097e-05
1.77554e+09,1.5,-0.754347,-2.70983e-05,-0.754306,-2.71097e-05
1.77554e+09,1.55,-0.754348,-2.7098e-05,-0.754306,-2.71097e-05
1.77554e+09,1.6,-0.754349,-2.70976e-05,-0.754306,-2.71097e-05
1.77554e+09,1.65,-0.754351,-2.70972e-05,-0.754306,-2.71097e-05
1.77554e+09,1.7,-0.754352,-2.70968e-05,-0.754306,-2.71097e-05
1.77554e+09,1.75,-0.754353,-2.70965e-05,-0.754306,-2.71097e-05
1.77554e+09,1.8,-0.754355,-2.70961e-05,-0.754306,-2.71097e-05
1.77554e+09,1.85,-0.754356,-2.70957e-05,-0.754306,-2.71097e-05
1.77554e+09,1.9,-0.754358,-2.70953e-05,-0.754306,-2.71097e-05
1.77554e+09,1.95,-0.754359,-2.70949e-05,-0.754306,-2.71097e-05
1.77554e+09,2,-0.75436,-2.70946e-05,-0.754306,-2.71097e-05
1.77554e+09,2.05,-0.754362,-2.70942e-05,-0.754306,-2.71097e-05
1.77554e+09,2.1,-0.754363,-2.70938e-05,-0.754306,-2.71097e-05
1.77554e+09,2.15,-0.754364,-2.70934e-05,-0.754306,-2.71097e-05
1.77554e+09,2.2,-0.754366,-2.70931e-05,-0.754306,-2.71097e-05
1.77554e+09,2.25,-0.754367,-2.70927e-05,-0.754306,-2.71097e-05
1.77554e+09,2.3,-0.754368,-2.70923e-05,-0.754306,-2.71097e-05
1.77554e+09,2.35,-0.75437,-2.70919e-05,-0.754306,-2.71097e-05
1.77554e+09,2.4,-0.754371,-2.70916e-05,-0.754306,-2.71097e-05
1.77554e+09,2.45,-0.754372,-2.70912e-05,-0.754306,-2.71097e-05
1.77554e+09,2.5,-0.754374,-2.70908e-05,-0.754306,-2.71097e-05
1.77554e+09,0,-0.869397,-2.13206e-05,-0.869397,-2.13206e-05
1.77554e+09,0.05,-0.869398,-2.13202e-05,-0.869397,-2.13206e-05
1.77554e+09,0.1,-0.869399,-2.13198e-05,-0.869397,-2.13206e-05
1.77554e+09,0.15,-0.8694,-2.13193e-05,-0.869397,-2.13206e-05
1.77554e+09,0.2,-0.869401,-2.13189e-05,-0.869397,-2.13206e-05
1.77554e+09,0.25,-0.869402,-2.13185e-05,-0.869397,-2.13206e-05
1.77554e+09,0.3,-0.869404,-2.1318e-05,-0.869397,-2.13206e-05
1.77554e+09,0.35,-0.869405,-2.13176e-05,-0.869397,-2.13206e-05
1.77554e+09,0.4,-0.869406,-2.13172e-05,-0.869397,-2.13206e-05
1.77554e+09,0.45,-0.869407,-2.13167e-05,-0.869397,-2.13206e-05
1.77554e+09,0.5,-0.869408,-2.13163e-05,-0.869397,-2.13206e-05
1.77554e+09,0.55,-0.869409,-2.13159e-05,-0.869397,-2.13206e-05
1.77554e+09,0.6,-0.86941,-2.13154e-05,-0.869397,-2.13206e-05
1.77554e+09,0.65,-0.869411,-2.1315e-05,-0.869397,-2.13206e-05
1.77554e+09,0.7,-0.869412,-2.13146e-05,-0.869397,-2.13206e-05
1.77554e+09,0.75,-0.869413,-2.13141e-05,-0.869397,-2.13206e-05
1.77554e+09,0.8,-0.869414,-2.13137e-05,-0.869397,-2.13206e-05
1.77554e+09,0.85,-0.869415,-2.13133e-05,-0.869397,-2.13206e-05
1.77554e+09,0.9,-0.869416,-2.13128e-05,-0.869397,-2.13206e-05
1.77554e+09,0.95,-0.869417,-2.13124e-05,-0.869397,-2.13206e-05
1.77554e+09,1,-0.869418,-2.1312e-05,-0.869397,-2.13206e-05
1.77554e+09,1.05,-0.86942,-2.13115e-05,-0.869397,-2.13206e-05
1.77554e+09,1.1,-0.869421,-2.13111e-05,-0.869397,-2.13206e-05
1.77554e+09,1.15,-0.869422,-2.13107e-05,-0.869397,-2.13206e-05
1.77554e+09,1.2,-0.869423,-2.13102e-05,-0.869397,-2.13206e-05
1.77554e+09,1.25,-0.869424,-2.13098e-05,-0.869397,-2.13206e-05
1.77554e+09,1.3,-0.869425,-2.13093e-05,-0.869397,-2.13206e-05
1.77554e+09,1.35,-0.869426,-2.13089e-05,-0.869397,-2.13206e-05
1.77554e+09,1.4,-0.869427,-2.13085e-05,-0.869397,-2.13206e-05
1.77554e+09,1.45,-0.869428,-2.1308e-05,-0.869397,-2.13206e-05
1.77554e+09,1.5,-0.869429,-2.13076e-05,-0.869397,-2.13206e-05
1.77554e+09,1.55,-0.86943,-2.13072e-05,-0.869397,-2.13206e-05
1.77554e+09,1.6,-0.869431,-2.13067e-05,-0.869397,-2.13206e-05
1.77554e+09,1.65,-0.869432,-2.13063e-05,-0.869397,-2.13206e-05
1.77554e+09,1.7,-0.869433,-2.13059e-05,-0.869397,-2.13206e-05
1.77554e+09,1.75,-0.869434,-2.13054e-05,-0.869397,-2.13206e-05
1.77554e+09,1.8,-0.869436,-2.1305e-05,-0.869397,-2.13206e-05
1.77554e+09,1.85,-0.869437,-2.13046e-05,-0.869397,-2.13206e-05
1.77554e+09,1.9,-0.869438,-2.13041e-05,-0.869397,-2.13206e-05
1.77554e+09,1.95,-0.869439,-2.13037e-05,-0.869397,-2.13206e-05
1.77554e+09,2,-0.86944,-2.13033e-05,-0.869397,-2.13206e-05
1.77554e+09,2.05,-0.869441,-2.13028e-05,-0.869397,-2.13206e-05
1.77554e+09,2.1,-0.869442,-2.13024e-05,-0.869397,-2.13206e-05
1.77554e+09,2.15,-0.869443,-2.1302e-05,-0.869397,-2.13206e-05
1.77554e+09,2.2,-0.869444,-2.13015e-05,-0.869397,-2.13206e-05
1.77554e+09,2.25,-0.869445,-2.13011e-05,-0.869397,-2.13206e-05
1.77554e+09,2.3,-0.869446,-2.13007e-05,-0.869397,-2.13206e-05
1.77554e+09,2.35,-0.869447,-2.13002e-05,-0.869397,-2.13206e-05
1.77554e+09,2.4,-0.869448,-2.12998e-05,-0.869397,-2.13206e-05
1.77554e+09,2.45,-0.869449,-2.12993e-05,-0.869397,-2.13206e-05
1.77554e+09,2.5,-0.86945,-2.12989e-05,-0.869397,-2.13206e-05
1.77554e+09,0,-0.950265,-1.4104e-05,-0.950265,-1.4104e-05
1.77554e+09,0.05,-0.950266,-1.41035e-05,-0.950265,-1.4104e-05
1.77554e+09,0.1,-0.950266,-1.41031e-05,-0.950265,-1.4104e-05
1.77554e+09,0.15,-0.950267,-1.41026e-05,-0.950265,-1.4104e-05
1.77554e+09,0.2,-0.950268,-1.41021e-05,-0.950265,-1.4104e-05
1.77554e+09,0.25,-0.950269,-1.41016e-05,-0.950265,-1.4104e-05
1.77554e+09,0.3,-0.950269,-1.41012e-05,-0.950265,-1.4104e-05
1.77554e+09,0.35,-0.95027,-1.41007e-05,-0.950265,-1.4104e-05
1.77554e+09,0.4,-0.950271,-1.41002e-05,-0.950265,-1.4104e-05
1.77554e+09,0.45,-0.950271,-1.40997e-05,-0.950265,-1.4104e-05
1.77554e+09,0.5,-0.950272,-1.40993e-05,-0.950265,-1.4104e-05
1.77554e+09,0.55,-0.950273,-1.40988e-05,-0.950265,-1.4104e-05
1.77554e+09,0.6,-0.950273,-1.40983e-05,-0.950265,-1.4104e-05
1.77554e+09,0.65,-0.950274,-1.40978e-05,-0.950265,-1.4104e-05
1.77554e+09,0.7,-0.950275,-1.40974e-05,-0.950265,-1.4104e-05
1.77554e+09,0.75,-0.950276,-1.40969e-05,-0.950265,-1.4104e-05
1.77554e+09,0.8,-0.950276,-1.40964e-05,-0.950265,-1.4104e-05
1.77554e+09,0.85,-0.950277,-1.40959e-05,-0.950265,-1.4104e-05
1.77554e+09,0.9,-0.950278,-1.40955e-05,-0.950265,-1.4104e-05
1.77554e+09,0.95,-0.950278,-1.4095e-05,-0.950265,-1.4104e-05
1.77554e+09,1,-0.950279,-1.40945e-05,-0.950265,-1.4104e-05
1.77554e+09,1.05,-0.95028,-1.4094e-05,-0.950265,-1.4104e-05
1.77554e+09,1.1,-0.95028,-1.40936e-05,-0.950265,-1.4104e-05
1.77554e+09,1.15,-0.950281,-1.40931e-05,-0.950265,-1.4104e-05
1.77554e+09,1.2,-0.950282,-1.40926e-05,-0.950265,-1.4104e-05
1.77554e+09,1.25,-0.950283,-1.40921e-05,-0.950265,-1.4104e-05
1.77554e+09,1.3,-0.950283,-1.40917e-05,-0.950265,-1.4104e-05
1.77554e+09,1.35,-0.950284,-1.40912e-05,-0.950265,-1.4104e-05
1.77554e+09,1.4,-0.950285,-1.40907e-05,-0.950265,-1.4104e-05
1.77554e+09,1.45,-0.950285,-1.40902e-05,-0.950265,-1.4104e-05
1.77554e+09,1.5,-0.950286,-1.40898e-05,-0.950265,-1.4104e-05
1.77554e+09,1.55,-0.950287,-1.40893e-05,-0.950265,-1.4104e-05
1.77554e+09,1.6,-0.950288,-1.40888e-05,-0.950265,-1.4104e-05
1.77554e+09,1.65,-0.950288,-1.40883e-05,-0.950265,-1.4104e-05
1.77554e+09,1.7,-0.950289,-1.40878e-05,-0.950265,-1.4104e-05
1.77554e+09,1.75,-0.95029,-1.40874e-05,-0.950265,-1.4104e-05
1.77554e+09,1.8,-0.95029,-1.40869e-05,-0.950265,-1.4104e-05
1.77554e+09,1.85,-0.950291,-1.40864e-05,-0.950265,-1.4104e-05
1.77554e+09,1.9,-0.950292,-1.40859e-05,-0.950265,-1.4104e-05
1.77554e+09,1.95,-0.950292,-1.40855e-05,-0.950265,-1.4104e-05
1.77554e+09,2,-0.950293,-1.4085e-05,-0.950265,-1.4104e-05
1.77554e+09,2.05,-0.950294,-1.40845e-05,-0.950265,-1.4104e-05
1.77554e+09,2.1,-0.950295,-1.4084e-05,-0.950265,-1.4104e-05
1.77554e+09,2.15,-0.950295,-1.40836e-05,-0.950265,-1.4104e-05
1.77554e+09,2.2,-0.950296,-1.40831e-05,-0.950265,-1.4104e-05
1.77554e+09,2.25,-0.950297,-1.40826e-05,-0.950265,-1.4104e-05
1.77554e+09,2.3,-0.950297,-1.40821e-05,-0.950265,-1.4104e-05
1.77554e+09,2.35,-0.950298,-1.40817e-05,-0.950265,-1.4104e-05
1.77554e+09,2.4,-0.950299,-1.40812e-05,-0.950265,-1.4104e-05
1.77554e+09,2.45,-0.9503,-1.40807e-05,-0.950265,-1.4104e-05
1.77554e+09,2.5,-0.9503,-1.40802e-05,-0.950265,-1.4104e-05
1.77554e+09,0,-0.992814,-6.70726e-06,-0.992814,-6.70726e-06
1.77554e+09,0.05,-0.992814,-6.70677e-06,-0.992814,-6.70726e-06
1.77554e+09,0.1,-0.992815,-6.70627e-06,-0.992814,-6.70726e-06
1.77554e+09,0.15,-0.992815,-6.70577e-06,-0.992814,-6.70726e-06
1.77554e+09,0.2,-0.992815,-6.70528e-06,-0.992814,-6.70726e-06
1.77554e+09,0.25,-0.992816,-6.70478e-06,-0.992814,-6.70726e-06
1.77554e+09,0.3,-0.992816,-6.70429e-06,-0.992814,-6.70726e-06
1.77554e+09,0.35,-0.992816,-6.70379e-06,-0.992814,-6.70726e-06
1.77554e+09,0.4,-0.992817,-6.70329e-06,-0.992814,-6.70726e-06
1.77554e+09,0.45,-0.992817,-6.7028e-06,-0.992814,-6.70726e-06
1.77554e+09,0.5,-0.992817,-6.7023e-06,-0.992814,-6.70726e-06
1.77554e+09,0.55,-0.992818,-6.7018e-06,-0.992814,-6.70726e-06
1.77554e+09,0.6,-0.992818,-6.70131e-06,-0.992814,-6.70726e-06
1.77554e+09,0.65,-0.992818,-6.70081e-06,-0.992814,-6.70726e-06
1.77554e+09,0.7,-0.992819,-6.70031e-06,-0.992814,-6.70726e-06
1.77554e+09,0.75,-0.992819,-6.69982e-06,-0.992814,-6.70726e-06
1.77554e+09,0.8,-0.992819,-6.69932e-06,-0.992814,-6.70726e-06
1.77554e+09,0.85,-0.99282,-6.69882e-06,-0.992814,-6.70726e-06
1.77554e+09,0.9,-0.99282,-6.69833e-06,-0.992814,-6.70726e-06
1.77554e+09,0.95,-0.99282,-6.69783e-06,-0.992814,-6.70726e-06
1.77554e+09,1,-0.992821,-6.69734e-06,-0.992814,-6.70726e-06
1.77554e+09,1.05,-0.992821,-6.69684e-06,-0.992814,-6.70726e-06
1.77554e+09,1.1,-0.992821,-6.69634e-06,-0.992814,-6.70726e-06
1.77554e+09,1.15,-0.992822,-6.69585e-06,-0.992814,-6.70726e-06
1.77554e+09,1.2,-0.992822,-6.69535e-06,-0.992814,-6.70726e-06
1.77554e+09,1.25,-0.992822,-6.69485e-06,-0.992814,-6.70726e-06
1.77554e+09,1.3,-0.992823,-6.69436e-06,-0.992814,-6.70726e-06
1.77554e+09,1.35,-0.992823,-6.69386e-06,-0.992814,-6.70726e-06
1.77554e+09,1.4,-0.992823,-6.69336e-06,-0.992814,-6.70726e-06
1.77554e+09,1.45,-0.992824,-6.69287e-06,-0.992814,-6.70726e-06
1.77554e+09,1.5,-0.992824,-6.69237e-06,-0.992814,-6.70726e-06
1.77554e+09,1.55,-0.992824,-6.69187e-06,-0.992814,-6.70726e-06
1.77554e+09,1.6,-0.992825,-6.69138e-06,-0.992814,-6.70726e-06
1.77554e+09,1.65,-0.992825,-6.69088e-06,-0.992814,-6.70726e-06
1.77554e+09,1.7,-0.992825,-6.69039e-06,-0.992814,-6.70726e-06
1.77554e+09,1.75,-0.992826,-6.68989e-06,-0.992814,-6.70726e-06
1.77554e+09,1.8,-0.992826,-6.68939e-06,-0.992814,-6.70726e-06
1.77554e+09,1.85,-0.992826,-6.6889e-06,-0.992814,-6.70726e-06
1.77554e+09,1.9,-0.992827,-6.6884e-06,-0.992814,-6.70726e-06
1.77554e+09,1.95,-0.992827,-6.6879e-06,-0.992814,-6.70726e-06
1.77554e+09,2,-0.992827,-6.68741e-06,-0.992814,-6.70726e-06
1.77554e+09,2.05,-0.992828,-6.68691e-06,-0.992814,-6.70726e-06
1.77554e+09,2.1,-0.992828,-6.68641e-06,-0.992814,-6.70726e-06
1.77554e+09,2.15,-0.992828,-6.68592e-06,-0.992814,-6.70726e-06
1.77554e+09,2.2,-0.992829,-6.68542e-06,-0.992814,-6.70726e-06
1.77554e+09,2.25,-0.992829,-6.68493e-06,-0.992814,-6.70726e-06
1.77554e+09,2.3,-0.992829,-6.68443e-06,-0.992814,-6.70726e-06
1.77554e+09,2.35,-0.99283,-6.68393e-06,-0.992814,-6.70726e-06
1.77554e+09,2.4,-0.99283,-6.68344e-06,-0.992814,-6.70726e-06
1.77554e+09,2.45,-0.99283,-6.68294e-06,-0.992814,-6.70726e-06
1.77554e+09,2.5,-0.992831,-6.68244e-06,-0.992814,-6.70726e-06
1.77554e+09,0,-0.995848,1.02224e-06,-0.995848,1.02224e-06
1.77554e+09,0.05,-0.995848,1.02274e-06,-0.995848,1.02224e-06
1.77554e+09,0.1,-0.995848,1.02324e-06,-0.995848,1.02224e-06
1.77554e+09,0.15,-0.995848,1.02374e-06,-0.995848,1.02224e-06
1.77554e+09,0.2,-0.995848,1.02424e-06,-0.995848,1.02224e-06
1.77554e+09,0.25,-0.995848,1.02473e-06,-0.995848,1.02224e-06
1.77554e+09,0.3,-0.995848,1.02523e-06,-0.995848,1.02224e-06
1.77554e+09,0.35,-0.995848,1.02573e-06,-0.995848,1.02224e-06
1.77554e+09,0.4,-0.995848,1.02623e-06,-0.995848,1.02224e-06
1.77554e+09,0.45,-0.995848,1.02672e-06,-0.995848,1.02224e-06
1.77554e+09,0.5,-0.995848,1.02722e-06,-0.995848,1.02224e-06
1.77554e+09,0.55,-0.995848,1.02772e-06,-0.995848,1.02224e-06
1.77554e+09,0.6,-0.995848,1.02822e-06,-0.995848,1.02224e-06
1.77554e+09,0.65,-0.995848,1.02872e-06,-0.995848,1.02224e-06
1.77554e+09,0.7,-0.995848,1.02921e-06,-0.995848,1.02224e-06
1.77554e+09,0.75,-0.995848,1.02971e-06,-0.995848,1.02224e-06
1.77554e+09,0.8,-0.995847,1.03021e-06,-0.995848,1.02224e-06
1.77554e+09,0.85,-0.995847,1.03071e-06,-0.995848,1.02224e-06
1.77554e+09,0.9,-0.995847,1.03121e-06,-0.995848,1.02224e-06
1.77554e+09,0.95,-0.995847,1.0317e-06,-0.995848,1.02224e-06
1.77554e+09,1,-0.995847,1.0322e-06,-0.995848,1.02224e-06
1.77554e+09,1.05,-0.995847,1.0327e-06,-0.995848,1.02224e-06
1.77554e+09,1.1,-0.995847,1.0332e-06,-0.995848,1.02224e-06
1.77554e+09,1.15,-0.995847,1.0337e-06,-0.995848,1.02224e-06
1.77554e+09,1.2,-0.995847,1.03419e-06,-0.995848,1.02224e-06
1.77554e+09,1.25,-0.995847,1.03469e-06,-0.995848,1.02224e-06
1.77554e+09,1.3,-0.995847,1.03519e-06,-0.995848,1.02224e-06
1.77554e+09,1.35,-0.995847,1.03569e-06,-0.995848,1.02224e-06
1.77554e+09,1.4,-0.995847,1.03619e-06,-0.995848,1.02224e-06
1.77554e+09,1.45,-0.995847,1.03668e-06,-0.995848,1.02224e-06
1.77554e+09,1.5,-0.995847,1.03718e-06,-0.995848,1.02224e-06
1.77554e+09,1.55,-0.995847,1.03768e-06,-0.995848,1.02224e-06
1.77554e+09,1.6,-0.995847,1.03818e-06,-0.995848,1.02224e-06
1.77554e+09,1.65,-0.995847,1.03868e-06,-0.995848,1.02224e-06
1.77554e+09,1.7,-0.995847,1.03917e-06,-0.995848,1.02224e-06
1.77554e+09,1.75,-0.995846,1.03967e-06,-0.995848,1.02224e-06
1.77554e+09,1.8,-0.995846,1.04017e-06,-0.995848,1.02224e-06
1.77554e+09,1.85,-0.995846,1.04067e-06,-0.995848,1.02224e-06
1.77554e+09,1.9,-0.995846,1.04116e-06,-0.995848,1.02224e-06
1.77554e+09,1.95,-0.995846,1.04166e-06,-0.995848,1.02224e-06
1.77554e+09,2,-0.995846,1.04216e-06,-0.995848,1.02224e-06
1.77554e+09,2.05,-0.995846,1.04266e-06,-0.995848,1.02224e-06
1.77554e+09,2.1,-0.995846,1.04316e-06,-0.995848,1.02224e-06
1.77554e+09,2.15,-0.995846,1.04365e-06,-0.995848,1.02224e-06
1.77554e+09,2.2,-0.995846,1.04415e-06,-0.995848,1.02224e-06
1.77554e+09,2.25,-0.995846,1.04465e-06,-0.995848,1.02224e-06
1.77554e+09,2.3,-0.995846,1.04515e-06,-0.995848,1.02224e-06
1.77554e+09,2.35,-0.995846,1.04565e-06,-0.995848,1.02224e-06
1.77554e+09,2.4,-0.995846,1.04614e-06,-0.995848,1.02224e-06
1.77554e+09,2.45,-0.995846,1.04664e-06,-0.995848,1.02224e-06
1.77554e+09,2.5,-0.995846,1.04714e-06,-0.995848,1.02224e-06
1.77554e+09,0,-0.95935,8.65213e-06,-0.95935,8.65213e-06
1.77554e+09,0.05,-0.959349,8.65261e-06,-0.95935,8.65213e-06
1.77554e+09,0.1,-0.959349,8.65309e-06,-0.95935,8.65213e-06
1.77554e+09,0.15,-0.959348,8.65357e-06,-0.95935,8.65213e-06
1.77554e+09,0.2,-0.959348,8.65405e-06,-0.95935,8.65213e-06
1.77554e+09,0.25,-0.959347,8.65453e-06,-0.95935,8.65213e-06
1.77554e+09,0.3,-0.959347,8.65501e-06,-0.95935,8.65213e-06
1.77554e+09,0.35,-0.959347,8.65549e-06,-0.95935,8.65213e-06
1.77554e+09,0.4,-0.959346,8.65596e-06,-0.95935,8.65213e-06
1.77554e+09,0.45,-0.959346,8.65644e-06,-0.95935,8.65213e-06
1.77554e+09,0.5,-0.959345,8.65692e-06,-0.95935,8.65213e-06
1.77554e+09,0.55,-0.959345,8.6574e-06,-0.95935,8.65213e-06
1.77554e+09,0.6,-0.959344,8.65788e-06,-0.95935,8.65213e-06
1.77554e+09,0.65,-0.959344,8.65836e-06,-0.95935,8.65213e-06
1.77554e+09,0.7,-0.959344,8.65884e-06,-0.95935,8.65213e-06
1.77554e+09,0.75,-0.959343,8.65932e-06,-0.95935,8.65213e-06
1.77554e+09,0.8,-0.959343,8.6598e-06,-0.95935,8.65213e-06
1.77554e+09,0.85,-0.959342,8.66028e-06,-0.95935,8.65213e-06
1.77554e+09,0.9,-0.959342,8.66076e-06,-0.95935,8.65213e-06
1.77554e+09,0.95,-0.959341,8.66124e-06,-0.95935,8.65213e-06
1.77554e+09,1,-0.959341,8.66172e-06,-0.95935,8.65213e-06
1.77554e+09,1.05,-0.959341,8.6622e-06,-0.95935,8.65213e-06
1.77554e+09,1.1,-0.95934,8.66268e-06,-0.95935,8.65213e-06
1.77554e+09,1.15,-0.95934,8.66316e-06,-0.95935,8.65213e-06
1.77554e+09,1.2,-0.959339,8.66364e-06,-0.95935,8.65213e-06
1.77554e+09,1.25,-0.959339,8.66412e-06,-0.95935,8.65213e-06
1.77554e+09,1.3,-0.959338,8.6646e-06,-0.95935,8.65213e-06
1.77554e+09,1.35,-0.959338,8.66508e-06,-0.95935,8.65213e-06
1.77554e+09,1.4,-0.959338,8.66556e-06,-0.95935,8.65213e-06
1.77554e+09,1.45,-0.959337,8.66604e-06,-0.95935,8.65213e-06
1.77554e+09,1.5,-0.959337,8.66652e-06,-0.95935,8.65213e-06
1.77554e+09,1.55,-0.959336,8.667e-06,-0.95935,8.65213e-06
1.77554e+09,1.6,-0.959336,8.66748e-06,-0.95935,8.65213e-06
1.77554e+09,1.65,-0.959335,8.66796e-06,-0.95935,8.65213e-06
1.77554e+09,1.7,-0.959335,8.66844e-06,-0.95935,8.65213e-06
1.77554e+09,1.75,-0.959334,8.66892e-06,-0.95935,8.65213e-06
1.77554e+09,1.8,-0.959334,8.6694e-06,-0.95935,8.65213e-06
1.77554e+09,1.85,-0.959334,8.66988e-06,-0.95935,8.65213e-06
1.77554e+09,1.9,-0.959333,8.67035e-06,-0.95935,8.65213e-06
1.77554e+09,1.95,-0.959333,8.67083e-06,-0.95935,8.65213e-06
1.77554e+09,2,-0.959332,8.67131e-06,-0.95935,8.65213e-06
1.77554e+09,2.05,-0.959332,8.67179e-06,-0.95935,8.65213e-06
1.77554e+09,2.1,-0.959331,8.67227e-06,-0.95935,8.65213e-06
1.77554e+09,2.15,-0.959331,8.67275e-06,-0.95935,8.65213e-06
1.77554e+09,2.2,-0.959331,8.67323e-06,-0.95935,8.65213e-06
1.77554e+09,2.25,-0.95933,8.67371e-06,-0.95935,8.65213e-06
1.77554e+09,2.3,-0.95933,8.67419e-06,-0.95935,8.65213e-06
1.77554e+09,2.35,-0.959329,8.67467e-06,-0.95935,8.65213e-06
1.77554e+09,2.4,-0.959329,8.67515e-06,-0.95935,8.65213e-06
1.77554e+09,2.45,-0.959328,8.67563e-06,-0.95935,8.65213e-06
1.77554e+09,2.5,-0.959328,8.67611e-06,-0.95935,8.65213e-06
1.77554e+09,0,-0.884559,1.62352e-05,-0.884559,1.62352e-05
1.77554e+09,0.05,-0.884558,1.62357e-05,-0.884559,1.62352e-05
1.77554e+09,0.1,-0.884558,1.62361e-05,-0.884559,1.62352e-05
1.77554e+09,0.15,-0.884557,1.62366e-05,-0.884559,1.62352e-05
1.77554e+09,0.2,-0.884556,1.6237e-05,-0.884559,1.62352e-05
1.77554e+09,0.25,-0.884555,1.62375e-05,-0.884559,1.62352e-05
1.77554e+09,0.3,-0.884554,1.62379e-05,-0.884559,1.62352e-05
1.77554e+09,0.35,-0.884554,1.62383e-05,-0.884559,1.62352e-05
1.77554e+09,0.4,-0.884553,1.62388e-05,-0.884559,1.62352e-05
1.77554e+09,0.45,-0.884552,1.62392e-05,-0.884559,1.62352e-05
1.77554e+09,0.5,-0.884551,1.62397e-05,-0.884559,1.62352e-05
1.77554e+09,0.55,-0.88455,1.62401e-05,-0.884559,1.62352e-05
1.77554e+09,0.6,-0.884549,1.62406e-05,-0.884559,1.62352e-05
1.77554e+09,0.65,-0.884549,1.6241e-05,-0.884559,1.62352e-05
1.77554e+09,0.7,-0.884548,1.62414e-05,-0.884559,1.62352e-05
1.77554e+09,0.75,-0.884547,1.62419e-05,-0.884559,1.62352e-05
1.77554e+09,0.8,-0.884546,1.62423e-05,-0.884559,1.62352e-05
1.77554e+09,0.85,-0.884545,1.62428e-05,-0.884559,1.62352e-05
1.77554e+09,0.9,-0.884545,1.62432e-05,-0.884559,1.62352e-05
1.77554e+09,0.95,-0.884544,1.62436e-05,-0.884559,1.62352e-05
1.77554e+09,1,-0.884543,1.62441e-05,-0.884559,1.62352e-05
1.77554e+09,1.05,-0.884542,1.62445e-05,-0.884559,1.62352e-05
1.77554e+09,1.1,-0.884541,1.6245e-05,-0.884559,1.62352e-05
1.77554e+09,1.15,-0.884541,1.62454e-05,-0.884559,1.62352e-05
1.77554e+09,1.2,-0.88454,1.62459e-05,-0.884559,1.62352e-05
1.77554e+09,1.25,-0.884539,1.62463e-05,-0.884559,1.62352e-05
1.77554e+09,1.3,-0.884538,1.62467e-05,-0.884559,1.62352e-05
1.77554e+09,1.35,-0.884537,1.62472e-05,-0.884559,1.62352e-05
1.77554e+09,1.4,-0.884536,1.62476e-05,-0.884559,1.62352e-05
1.77554e+09,1.45,-0.884536,1.62481e-05,-0.884559,1.62352e-05
1.77554e+09,1.5,-0.884535,1.62485e-05,-0.884559,1.62352e-05
1.77554e+09,1.55,-0.884534,1.6249e-05,-0.884559,1.62352e-05
1.77554e+09,1.6,-0.884533,1.62494e-05,-0.884559,1.62352e-05
1.77554e+09,1.65,-0.884532,1.62498e-05,-0.884559,1.62352e-05
1.77554e+09,1.7,-0.884532,1.62503e-05,-0.884559,1.62352e-05
1.77554e+09,1.75,-0.884531,1.62507e-05,-0.884559,1.62352e-05
1.77554e+09,1.8,-0.88453,1.62512e-05,-0.884559,1.62352e-05
1.77554e+09,1.85,-0.884529,1.62516e-05,-0.884559,1.62352e-05
1.77554e+09,1.9,-0.884528,1.62521e-05,-0.884559,1.62352e-05
1.77554e+09,1.95,-0.884528,1.62525e-05,-0.884559,1.62352e-05
1.77554e+09,2,-0.884527,1.62529e-05,-0.884559,1.62352e-05
1.77554e+09,2.05,-0.884526,1.62534e-05,-0.884559,1.62352e-05
1.77554e+09,2.1,-0.884525,1.62538e-05,-0.884559,1.62352e-05
1.77554e+09,2.15,-0.884524,1.62543e-05,-0.884559,1.62352e-05
1.77554e+09,2.2,-0.884523,1.62547e-05,-0.884559,1.62352e-05
1.77554e+09,2.25,-0.884523,1.62551e-05,-0.884559,1.62352e-05
1.77554e+09,2.3,-0.884522,1.62556e-05,-0.884559,1.62352e-05
1.77554e+09,2.35,-0.884521,1.6256e-05,-0.884559,1.62352e-05
1.77554e+09,2.4,-0.88452,1.62565e-05,-0.884559,1.62352e-05
1.77554e+09,2.45,-0.884519,1.62569e-05,-0.884559,1.62352e-05
1.77554e+09,2.5,-0.884519,1.62574e-05,-0.884559,1.62352e-05
1.77554e+09,0,-0.773771,2.28257e-05,-0.773771,2.28257e-05
1.77554e+09,0.05,-0.77377,2.28261e-05,-0.773771,2.28257e-05
1.77554e+09,0.1,-0.773769,2.28265e-05,-0.773771,2.28257e-05
1.77554e+09,0.15,-0.773768,2.28268e-05,-0.773771,2.28257e-05
1.77554e+09,0.2,-0.773767,2.28272e-05,-0.773771,2.28257e-05
1.77554e+09,0.25,-0.773766,2.28276e-05,-0.773771,2.28257e-05
1.77554e+09,0.3,-0.773765,2.2828e-05,-0.773771,2.28257e-05
1.77554e+09,0.35,-0.773763,2.28284e-05,-0.773771,2.28257e-05
1.77554e+09,0.4,-0.773762,2.28288e-05,-0.773771,2.28257e-05
1.77554e+09,0.45,-0.773761,2.28292e-05,-0.773771,2.28257e-05
1.77554e+09,0.5,-0.77376,2.28296e-05,-0.773771,2.28257e-05
1.77554e+09,0.55,-0.773759,2.28299e-05,-0.773771,2.28257e-05
1.77554e+09,0.6,-0.773758,2.28303e-05,-0.773771,2.28257e-05
1.77554e+09,0.65,-0.773757,2.28307e-05,-0.773771,2.28257e-05
1.77554e+09,0.7,-0.773755,2.28311e-05,-0.773771,2.28257e-05
1.77554e+09,0.75,-0.773754,2.28315e-05,-0.773771,2.28257e-05
1.77554e+09,0.8,-0.773753,2.28319e-05,-0.773771,2.28257e-05
1.77554e+09,0.85,-0.773752,2.28323e-05,-0.773771,2.28257e-05
1.77554e+09,0.9,-0.773751,2.28326e-05,-0.773771,2.28257e-05
1.77554e+09,0.95,-0.77375,2.2833e-05,-0.773771,2.28257e-05
1.77554e+09,1,-0.773749,2.28334e-05,-0.773771,2.28257e-05
1.77554e+09,1.05,-0.773747,2.28338e-05,-0.773771,2.28257e-05
1.77554e+09,1.1,-0.773746,2.28342e-05,-0.773771,2.28257e-05
1.77554e+09,1.15,-0.773745,2.28346e-05,-0.773771,2.28257e-05
1.77554e+09,1.2,-0.773744,2.2835e-05,-0.773771,2.28257e-05
1.77554e+09,1.25,-0.773743,2.28354e-05,-0.773771,2.28257e-05
1.77554e+09,1.3,-0.773742,2.28357e-05,-0.773771,2.28257e-05
1.77554e+09,1.35,-0.773741,2.28361e-05,-0.773771,2.28257e-05
1.77554e+09,1.4,-0.773739,2.28365e-05,-0.773771,2.28257e-05
1.77554e+09,1.45,-0.773738,2.28369e-05,-0.773771,2.28257e-05
1.77554e+09,1.5,-0.773737,2.28373e-05,-0.773771,2.28257e-05
1.77554e+09,1.55,-0.773736,2.28377e-05,-0.773771,2.28257e-05
1.77554e+09,1.6,-0.773735,2.28381e-05,-0.773771,2.28257e-05
1.77554e+09,1.65,-0.773734,2.28384e-05,-0.773771,2.28257e-05
1.77554e+09,1.7,-0.773733,2.28388e-05,-0.773771,2.28257e-05
1.77554e+09,1.75,-0.773731,2.28392e-05,-0.773771,2.28257e-05
1.77554e+09,1.8,-0.77373,2.28396e-05,-0.773771,2.28257e-05
1.77554e+09,1.85,-0.773729,2.284e-05,-0.773771,2.28257e-05
1.77554e+09,1.9,-0.773728,2.28404e-05,-0.773771,2.28257e-05
1.77554e+09,1.95,-0.773727,2.28408e-05,-0.773771,2.28257e-05
1.77554e+09,2,-0.773726,2.28412e-05,-0.773771,2.28257e-05
1.77554e+09,2.05,-0.773725,2.28415e-05,-0.773771,2.28257e-05
1.77554e+09,2.1,-0.773723,2.28419e-05,-0.773771,2.28257e-05
1.77554e+09,2.15,-0.773722,2.28423e-05,-0.773771,2.28257e-05
1.77554e+09,2.2,-0.773721,2.28427e-05,-0.773771,2.28257e-05
1.77554e+09,2.25,-0.77372,2.28431e-05,-0.773771,2.28257e-05
1.77554e+09,2.3,-0.773719,2.28435e-05,-0.773771,2.28257e-05
1.77554e+09,2.35,-0.773718,2.28439e-05,-0.773771,2.28257e-05
1.77554e+09,2.4,-0.773717,2.28443e-05,-0.773771,2.28257e-05
1.77554e+09,2.45,-0.773715,2.28446e-05,-0.773771,2.28257e-05
1.77554e+09,2.5,-0.773714,2.2845e-05,-0.773771,2.28257e-05
1.77554e+09,0,-0.633229,2.7617e-05,-0.633229,2.7617e-05
1.77554e+09,0.05,-0.633227,2.76173e-05,-0.633229,2.7617e-05
1.77554e+09,0.1,-0.633226,2.76176e-05,-0.633229,2.7617e-05
1.77554e+09,0.15,-0.633225,2.76179e-05,-0.633229,2.7617e-05
1.77554e+09,0.2,-0.633223,2.76182e-05,-0.633229,2.7617e-05
1.77554e+09,0.25,-0.633222,2.76186e-05,-0.633229,2.7617e-05
1.77554e+09,0.3,-0.63322,2.76189e-05,-0.633229,2.7617e-05
1.77554e+09,0.35,-0.633219,2.76192e-05,-0.633229,2.7617e-05
1.77554e+09,0.4,-0.633218,2.76195e-05,-0.633229,2.7617e-05
1.77554e+09,0.45,-0.633216,2.76198e-05,-0.633229,2.7617e-05
1.77554e+09,0.5,-0.633215,2.76201e-05,-0.633229,2.7617e-05
1.77554e+09,0.55,-0.633213,2.76205e-05,-0.633229,2.7617e-05
1.77554e+09,0.6,-0.633212,2.76208e-05,-0.633229,2.7617e-05
1.77554e+09,0.65,-0.633211,2.76211e-05,-0.633229,2.7617e-05
1.77554e+09,0.7,-0.633209,2.76214e-05,-0.633229,2.7617e-05
1.77554e+09,0.75,-0.633208,2.76217e-05,-0.633229,2.7617e-05
1.77554e+09,0.8,-0.633207,2.7622e-05,-0.633229,2.7617e-05
1.77554e+09,0.85,-0.633205,2.76224e-05,-0.633229,2.7617e-05
1.77554e+09,0.9,-0.633204,2.76227e-05,-0.633229,2.7617e-05
1.77554e+09,0.95,-0.633202,2.7623e-05,-0.633229,2.7617e-05
1.77554e+09,1,-0.633201,2.76233e-05,-0.633229,2.7617e-05
1.77554e+09,1.05,-0.6332,2.76236e-05,-0.633229,2.7617e-05
1.77554e+09,1.1,-0.633198,2.76239e-05,-0.633229,2.7617e-05
1.77554e+09,1.15,-0.633197,2.76243e-05,-0.633229,2.7617e-05
1.77554e+09,1.2,-0.633196,2.76246e-05,-0.633229,2.7617e-05
1.77554e+09,1.25,-0.633194,2.76249e-05,-0.633229,2.7617e-05
1.77554e+09,1.3,-0.633193,2.76252e-05,-0.633229,2.7617e-05
1.77554e+09,1.35,-0.633191,2.76255e-05,-0.633229,2.7617e-05
1.77554e+09,1.4,-0.63319,2.76258e-05,-0.633229,2.7617e-05
1.77554e+09,1.45,-0.633189,2.76262e-05,-0.633229,2.7617e-05
1.77554e+09,1.5,-0.633187,2.76265e-05,-0.633229,2.7617e-05
1.77554e+09,1.55,-0.633186,2.76268e-05,-0.633229,2.7617e-05
1.77554e+09,1.6,-0.633184,2.76271e-05,-0.633229,2.7617e-05
1.77554e+09,1.65,-0.633183,2.76274e-05,-0.633229,2.7617e-05
1.77554e+09,1.7,-0.633182,2.76277e-05,-0.633229,2.7617e-05
1.77554e+09,1.75,-0.63318,2.76281e-05,-0.633229,2.7617e-05
1.77554e+09,1.8,-0.633179,2.76284e-05,-0.633229,2.7617e-05
1.77554e+09,1.85,-0.633178,2.76287e-05,-0.633229,2.7617e-05
1.77554e+09,1.9,-0.633176,2.7629e-05,-0.633229,2.7617e-05
1.77554e+09,1.95,-0.633175,2.76293e-05,-0.633229,2.7617e-05
1.77554e+09,2,-0.633173,2.76296e-05,-0.633229,2.7617e-05
1.77554e+09,2.05,-0.633172,2.763e-05,-0.633229,2.7617e-05
1.77554e+09,2.1,-0.633171,2.76303e-05,-0.633229,2.7617e-05
1.77554e+09,2.15,-0.633169,2.76306e-05,-0.633229,2.7617e-05
1.77554e+09,2.2,-0.633168,2.76309e-05,-0.633229,2.7617e-05
1.77554e+09,2.25,-0.633166,2.76312e-05,-0.633229,2.7617e-05
1.77554e+09,2.3,-0.633165,2.76315e-05,-0.633229,2.7617e-05
1.77554e+09,2.35,-0.633164,2.76319e-05,-0.633229,2.7617e-05
1.77554e+09,2.4,-0.633162,2.76322e-05,-0.633229,2.7617e-05
1.77554e+09,2.45,-0.633161,2.76325e-05,-0.633229,2.7617e-05
1.77554e+09,2.5,-0.63316,2.76328e-05,-0.633229,2.7617e-05
1.77554e+09,0,-0.467042,3.31253e-05,-0.467042,3.31253e-05
1.77554e+09,0.05,-0.46704,3.31255e-05,-0.467042,3.31253e-05
1.77554e+09,0.1,-0.467039,3.31258e-05,-0.467042,3.31253e-05
1.77554e+09,0.15,-0.467037,3.3126e-05,-0.467042,3.31253e-05
1.77554e+09,0.2,-0.467035,3.31262e-05,-0.467042,3.31253e-05
1.77554e+09,0.25,-0.467034,3.31265e-05,-0.467042,3.31253e-05
1.77554e+09,0.3,-0.467032,3.31267e-05,-0.467042,3.31253e-05
1.77554e+09,0.35,-0.46703,3.31269e-05,-0.467042,3.31253e-05
1.77554e+09,0.4,-0.467029,3.31272e-05,-0.467042,3.31253e-05
1.77554e+09,0.45,-0.467027,3.31274e-05,-0.467042,3.31253e-05
1.77554e+09,0.5,-0.467025,3.31276e-05,-0.467042,3.31253e-05
1.77554e+09,0.55,-0.467024,3.31279e-05,-0.467042,3.31253e-05
1.77554e+09,0.6,-0.467022,3.31281e-05,-0.467042,3.31253e-05
1.77554e+09,0.65,-0.467021,3.31283e-05,-0.467042,3.31253e-05
1.77554e+09,0.7,-0.467019,3.31286e-05,-0.467042,3.31253e-05
1.77554e+09,0.75,-0.467017,3.31288e-05,-0.467042,3.31253e-05
1.77554e+09,0.8,-0.467016,3.3129e-05,-0.467042,3.31253e-05
1.77554e+09,0.85,-0.467014,3.31293e-05,-0.467042,3.31253e-05
1.77554e+09,0.9,-0.467012,3.31295e-05,-0.467042,3.31253e-05
1.77554e+09,0.95,-0.467011,3.31297e-05,-0.467042,3.31253e-05
1.77554e+09,1,-0.467009,3.313e-05,-0.467042,3.31253e-05
1.77554e+09,1.05,-0.467007,3.31302e-05,-0.467042,3.31253e-05
1.77554e+09,1.1,-0.467006,3.31304e-05,-0.467042,3.31253e-05
1.77554e+09,1.15,-0.467004,3.31307e-05,-0.467042,3.31253e-05
1.77554e+09,1.2,-0.467002,3.31309e-05,-0.467042,3.31253e-05
1.77554e+09,1.25,-0.467001,3.31311e-05,-0.467042,3.31253e-05
1.77554e+09,1.3,-0.466999,3.31314e-05,-0.467042,3.31253e-05
1.77554e+09,1.35,-0.466997,3.31316e-05,-0.467042,3.31253e-05
1.77554e+09,1.4,-0.466996,3.31318e-05,-0.467042,3.31253e-05
1.77554e+09,1.45,-0.466994,3.31321e-05,-0.467042,3.31253e-05
1.77554e+09,1.5,-0.466992,3.31323e-05,-0.467042,3.31253e-05
1.77554e+09,1.55,-0.466991,3.31325e-05,-0.467042,3.31253e-05
1.77554e+09,1.6,-0.466989,3.31328e-05,-0.467042,3.31253e-05
1.77554e+09,1.65,-0.466987,3.3133e-05,-0.467042,3.31253e-05
1.77554e+09,1.7,-0.466986,3.31332e-05,-0.467042,3.31253e-05
1.77554e+09,1.75,-0.466984,3.31335e-05,-0.467042,3.31253e-05
1.77554e+09,1.8,-0.466982,3.31337e-05,-0.467042,3.31253e-05
1.77554e+09,1.85,-0.466981,3.31339e-05,-0.467042,3.31253e-05
1.77554e+09,1.9,-0.466979,3.31342e-05,-0.467042,3.31253e-05
1.77554e+09,1.95,-0.466977,3.31344e-05,-0.467042,3.31253e-05
1.77554e+09,2,-0.466976,3.31346e-05,-0.467042,3.31253e-05
1.77554e+09,2.05,-0.466974,3.31349e-05,-0.467042,3.31253e-05
1.77554e+09,2.1,-0.466972,3.31351e-05,-0.467042,3.31253e-05
1.77554e+09,2.15,-0.466971,3.31353e-05,-0.467042,3.31253e-05
1.77554e+09,2.2,-0.466969,3.31356e-05,-0.467042,3.31253e-05
1.77554e+09,2.25,-0.466968,3.31358e-05,-0.467042,3.31253e-05
1.77554e+09,2.3,-0.466966,3.3136e-05,-0.467042,3.31253e-05
1.77554e+09,2.35,-0.466964,3.31363e-05,-0.467042,3.31253e-05
1.77554e+09,2.4,-0.466963,3.31365e-05,-0.467042,3.31253e-05
1.77554e+09,2.45,-0.466961,3.31367e-05,-0.467042,3.31253e-05
1.77554e+09,2.5,-0.466959,3.3137e-05,-0.467042,3.31253e-05
1.77554e+09,0,-0.281692,3.64032e-05,-0.281692,3.64032e-05
1.77554e+09,0.05,-0.28169,3.64034e-05,-0.281692,3.64032e-05
1.77554e+09,0.1,-0.281688,3.64035e-05,-0.281692,3.64032e-05
1.77554e+09,0.15,-0.281687,3.64037e-05,-0.281692,3.64032e-05
1.77554e+09,0.2,-0.281685,3.64038e-05,-0.281692,3.64032e-05
1.77554e+09,0.25,-0.281683,3.6404e-05,-0.281692,3.64032e-05
1.77554e+09,0.3,-0.281681,3.64041e-05,-0.281692,3.64032e-05
1.77554e+09,0.35,-0.281679,3.64042e-05,-0.281692,3.64032e-05
1.77554e+09,0.4,-0.281677,3.64044e-05,-0.281692,3.64032e-05
1.77554e+09,0.45,-0.281676,3.64045e-05,-0.281692,3.64032e-05
1.77554e+09,0.5,-0.281674,3.64047e-05,-0.281692,3.64032e-05
1.77554e+09,0.55,-0.281672,3.64048e-05,-0.281692,3.64032e-05
1.77554e+09,0.6,-0.28167,3.64049e-05,-0.281692,3.64032e-05
1.77554e+09,0.65,-0.281668,3.64051e-05,-0.281692,3.64032e-05
1.77554e+09,0.7,-0.281666,3.64052e-05,-0.281692,3.64032e-05
1.77554e+09,0.75,-0.281665,3.64054e-05,-0.281692,3.64032e-05
1.77554e+09,0.8,-0.281663,3.64055e-05,-0.281692,3.64032e-05
1.77554e+09,0.85,-0.281661,3.64056e-05,-0.281692,3.64032e-05
1.77554e+09,0.9,-0.281659,3.64058e-05,-0.281692,3.64032e-05
1.77554e+09,0.95,-0.281657,3.64059e-05,-0.281692,3.64032e-05
1.77554e+09,1,-0.281656,3.64061e-05,-0.281692,3.64032e-05
1.77554e+09,1.05,-0.281654,3.64062e-05,-0.281692,3.64032e-05
1.77554e+09,1.1,-0.281652,3.64063e-05,-0.281692,3.64032e-05
1.77554e+09,1.15,-0.28165,3.64065e-05,-0.281692,3.64032e-05
1.77554e+09,1.2,-0.281648,3.64066e-05,-0.281692,3.64032e-05
1.77554e+09,1.25,-0.281646,3.64068e-05,-0.281692,3.64032e-05
1.77554e+09,1.3,-0.281645,3.64069e-05,-0.281692,3.64032e-05
1.77554e+09,1.35,-0.281643,3.64071e-05,-0.281692,3.64032e-05
1.77554e+09,1.4,-0.281641,3.64072e-05,-0.281692,3.64032e-05
1.77554e+09,1.45,-0.281639,3.64073e-05,-0.281692,3.64032e-05
1.77554e+09,1.5,-0.281637,3.64075e-05,-0.281692,3.64032e-05
1.77554e+09,1.55,-0.281636,3.64076e-05,-0.281692,3.64032e-05
1.77554e+09,1.6,-0.281634,3.64078e-05,-0.281692,3.64032e-05
1.77554e+09,1.65,-0.281632,3.64079e-05,-0.281692,3.64032e-05
1.77554e+09,1.7,-0.28163,3.6408e-05,-0.281692,3.64032e-05
1.77554e+09,1.75,-0.281628,3.64082e-05,-0.281692,3.64032e-05
1.77554e+09,1.8,-0.281626,3.64083e-05,-0.281692,3.64032e-05
1.77554e+09,1.85,-0.281625,3.64085e-05,-0.281692,3.64032e-05
1.77554e+09,1.9,-0.281623,3.64086e-05,-0.281692,3.64032e-05
1.77554e+09,1.95,-0.281621,3.64087e-05,-0.281692,3.64032e-05
1.77554e+09,2,-0.281619,3.64089e-05,-0.281692,3.64032e-05
1.77554e+09,2.05,-0.281617,3.6409e-05,-0.281692,3.64032e-05
1.77554e+09,2.1,-0.281616,3.64092e-05,-0.281692,3.64032e-05
1.77554e+09,2.15,-0.281614,3.64093e-05,-0.281692,3.64032e-05
1.77554e+09,2.2,-0.281612,3.64094e-05,-0.281692,3.64032e-05
1.77554e+09,2.25,-0.28161,3.64096e-05,-0.281692,3.64032e-05
1.77554e+09,2.3,-0.281608,3.64097e-05,-0.281692,3.64032e-05
1.77554e+09,2.35,-0.281606,3.64099e-05,-0.281692,3.64032e-05
1.77554e+09,2.4,-0.281605,3.641e-05,-0.281692,3.64032e-05
1.77554e+09,2.45,-0.281603,3.64101e-05,-0.281692,3.64032e-05
1.77554e+09,2.5,-0.281601,3.64103e-05,-0.281692,3.64032e-05
1.77554e+09,0,-0.0855891,3.91779e-05,-0.0855891,3.91779e-05
1.77554e+09,0.05,-0.0855871,3.9178e-05,-0.0855891,3.91779e-05
1.77554e+09,0.1,-0.0855852,3.9178e-05,-0.0855891,3.91779e-05
1.77554e+09,0.15,-0.0855832,3.91781e-05,-0.0855891,3.91779e-05
1.77554e+09,0.2,-0.0855812,3.91781e-05,-0.0855891,3.91779e-05
1.77554e+09,0.25,-0.0855793,3.91782e-05,-0.0855891,3.91779e-05
1.77554e+09,0.3,-0.0855773,3.91782e-05,-0.0855891,3.91779e-05
1.77554e+09,0.35,-0.0855754,3.91782e-05,-0.0855891,3.91779e-05
1.77554e+09,0.4,-0.0855734,3.91783e-05,-0.0855891,3.91779e-05
1.77554e+09,0.45,-0.0855714,3.91783e-05,-0.0855891,3.91779e-05
1.77554e+09,0.5,-0.0855695,3.91784e-05,-0.0855891,3.91779e-05
1.77554e+09,0.55,-0.0855675,3.91784e-05,-0.0855891,3.91779e-05
1.77554e+09,0.6,-0.0855656,3.91785e-05,-0.0855891,3.91779e-05
1.77554e+09,0.65,-0.0855636,3.91785e-05,-0.0855891,3.91779e-05
1.77554e+09,0.7,-0.0855616,3.91785e-05,-0.0855891,3.91779e-05
1.77554e+09,0.75,-0.0855597,3.91786e-05,-0.0855891,3.91779e-05
1.77554e+09,0.8,-0.0855577,3.91786e-05,-0.0855891,3.91779e-05
1.77554e+09,0.85,-0.0855558,3.91787e-05,-0.0855891,3.91779e-05
1.77554e+09,0.9,-0.0855538,3.91787e-05,-0.0855891,3.91779e-05
1.77554e+09,0.95,-0.0855519,3.91788e-05,-0.0855891,3.91779e-05
1.77554e+09,1,-0.0855499,3.91788e-05,-0.0855891,3.91779e-05
1.77554e+09,1.05,-0.0855479,3.91788e-05,-0.0855891,3.91779e-05
1.77554e+09,1.1,-0.085546,3.91789e-05,-0.0855891,3.91779e-05
1.77554e+09,1.15,-0.085544,3.91789e-05,-0.0855891,3.91779e-05
1.77554e+09,1.2,-0.0855421,3.9179e-05,-0.0855891,3.91779e-05
1.77554e+09,1.25,-0.0855401,3.9179e-05,-0.0855891,3.91779e-05
1.77554e+09,1.3,-0.0855381,3.91791e-05,-0.0855891,3.91779e-05
1.77554e+09,1.35,-0.0855362,3.91791e-05,-0.0855891,3.91779e-05
1.77554e+09,1.4,-0.0855342,3.91791e-05,-0.0855891,3.91779e-05
1.77554e+09,1.45,-0.0855323,3.91792e-05,-0.0855891,3.91779e-05
1.77554e+09,1.5,-0.0855303,3.91792e-05,-0.0855891,3.91779e-05
1.77554e+09,1.55,-0.0855283,3.91793e-05,-0.0855891,3.91779e-05
1.77554e+09,1.6,-0.0855264,3.91793e-05,-0.0855891,3.91779e-05
1.77554e+09,1.65,-0.0855244,3.91794e-05,-0.0855891,3.91779e-05
1.77554e+09,1.7,-0.0855225,3.91794e-05,-0.0855891,3.91779e-05
1.77554e+09,1.75,-0.0855205,3.91794e-05,-0.0855891,3.91779e-05
1.77554e+09,1.8,-0.0855186,3.91795e-05,-0.0855891,3.91779e-05
1.77554e+09,1.85,-0.0855166,3.91795e-05,-0.0855891,3.91779e-05
1.77554e+09,1.9,-0.0855146,3.91796e-05,-0.0855891,3.91779e-05
1.77554e+09,1.95,-0.0855127,3.91796e-05,-0.0855891,3.91779e-05
1.77554e+09,2,-0.0855107,3.91796e-05,-0.0855891,3.91779e-05
1.77554e+09,2.05,-0.0855088,3.91797e-05,-0.0855891,3.91779e-05
1.77554e+09,2.1,-0.0855068,3.91797e-05,-0.0855891,3.91779e-05
1.77554e+09,2.15,-0.0855048,3.91798e-05,-0.0855891,3.91779e-05
1.77554e+09,2.2,-0.0855029,3.91798e-05,-0.0855891,3.91779e-05
1.77554e+09,2.25,-0.0855009,3.91799e-05,-0.0855891,3.91779e-05
1.77554e+09,2.3,-0.085499,3.91799e-05,-0.0855891,3.91779e-05
1.77554e+09,2.35,-0.085497,3.91799e-05,-0.0855891,3.91779e-05
1.77554e+09,2.4,-0.085495,3.918e-05,-0.0855891,3.91779e-05
1.77554e+09,2.45,-0.0854931,3.918e-05,-0.0855891,3.91779e-05
1.77554e+09,2.5,-0.0854911,3.91801e-05,-0.0855891,3.91779e-05
1.77554e+09,0,0.113209,3.88132e-05,0.113209,3.88132e-05
1.77554e+09,0.05,0.113211,3.88131e-05,0.113209,3.88132e-05
1.77554e+09,0.1,0.113213,3.88131e-05,0.113209,3.88132e-05
1.77554e+09,0.15,0.113215,3.8813e-05,0.113209,3.88132e-05
1.77554e+09,0.2,0.113217,3.8813e-05,0.113209,3.88132e-05
1.77554e+09,0.25,0.113219,3.88129e-05,0.113209,3.88132e-05
1.77554e+09,0.3,0.113221,3.88129e-05,0.113209,3.88132e-05
1.77554e+09,0.35,0.113222,3.88128e-05,0.113209,3.88132e-05
1.77554e+09,0.4,0.113224,3.88127e-05,0.113209,3.88132e-05
1.77554e+09,0.45,0.113226,3.88127e-05,0.113209,3.88132e-05
1.77554e+09,0.5,0.113228,3.88126e-05,0.113209,3.88132e-05
1.77554e+09,0.55,0.11323,3.88126e-05,0.113209,3.88132e-05
1.77554e+09,0.6,0.113232,3.88125e-05,0.113209,3.88132e-05
1.77554e+09,0.65,0.113234,3.88125e-05,0.113209,3.88132e-05
1.77554e+09,0.7,0.113236,3.88124e-05,0.113209,3.88132e-05
1.77554e+09,0.75,0.113238,3.88124e-05,0.113209,3.88132e-05
1.77554e+09,0.8,0.11324,3.88123e-05,0.113209,3.88132e-05
1.77554e+09,0.85,0.113242,3.88122e-05,0.113209,3.88132e-05
1.77554e+09,0.9,0.113244,3.88122e-05,0.113209,3.88132e-05
1.77554e+09,0.95,0.113246,3.88121e-05,0.113209,3.88132e-05
1.77554e+09,1,0.113248,3.88121e-05,0.113209,3.88132e-05
1.77554e+09,1.05,0.11325,3.8812e-05,0.113209,3.88132e-05
1.77554e+09,1.1,0.113252,3.8812e-05,0.113209,3.88132e-05
1.77554e+09,1.15,0.113254,3.88119e-05,0.113209,3.88132e-05
1.77554e+09,1.2,0.113255,3.88118e-05,0.113209,3.88132e-05
1.77554e+09,1.25,0.113257,3.88118e-05,0.113209,3.88132e-05
1.77554e+09,1.3,0.113259,3.88117e-05,0.113209,3.88132e-05
1.77554e+09,1.35,0.113261,3.88117e-05,0.113209,3.88132e-05
1.77554e+09,1.4,0.113263,3.88116e-05,0.113209,3.88132e-05
1.77554e+09,1.45,0.113265,3.88116e-05,0.113209,3.88132e-05
1.77554e+09,1.5,0.113267,3.88115e-05,0.113209,3.88132e-05
1.77554e+09,1.55,0.113269,3.88114e-05,0.113209,3.88132e-05
1.77554e+09,1.6,0.113271,3.88114e-05,0.113209,3.88132e-05
1.77554e+09,1.65,0.113273,3.88113e-05,0.113209,3.88132e-05
1.77554e+09,1.7,0.113275,3.88113e-05,0.113209,3.88132e-05
1.77554e+09,1.75,0.113277,3.88112e-05,0.113209,3.88132e-05
1.77554e+09,1.8,0.113279,3.88112e-05,0.113209,3.88132e-05
1.77554e+09,1.85,0.113281,3.88111e-05,0.113209,3.88132e-05
1.77554e+09,1.9,0.113283,3.8811e-05,0.113209,3.88132e-05
1.77554e+09,1.95,0.113285,3.8811e-05,0.113209,3.88132e-05
1.77554e+09,2,0.113286,3.88109e-05,0.113209,3.88132e-05
1.77554e+09,2.05,0.113288,3.88109e-05,0.113209,3.88132e-05
1.77554e+09,2.1,0.11329,3.88108e-05,0.113209,3.88132e-05
1.77554e+09,2.15,0.113292,3.88108e-05,0.113209,3.88132e-05
1.77554e+09,2.2,0.113294,3.88107e-05,0.113209,3.88132e-05
1.77554e+09,2.25,0.113296,3.88107e-05,0.113209,3.88132e-05
1.77554e+09,2.3,0.113298,3.88106e-05,0.113209,3.88132e-05
1.77554e+09,2.35,0.1133,3.88105e-05,0.113209,3.88132e-05
1.77554e+09,2.4,0.113302,3.88105e-05,0.113209,3.88132e-05
1.77554e+09,2.45,0.113304,3.88104e-05,0.113209,3.88132e-05
1.77554e+09,2.5,0.113306,3.88104e-05,0.113209,3.88132e-05
1.77554e+09,0,0.308429,3.68513e-05,0.308429,3.68513e-05
1.77554e+09,0.05,0.30843,3.68511e-05,0.308429,3.68513e-05
1.77554e+09,0.1,0.308432,3.6851e-05,0.308429,3.68513e-05
1.77554e+09,0.15,0.308434,3.68508e-05,0.308429,3.68513e-05
1.77554e+09,0.2,0.308436,3.68506e-05,0.308429,3.68513e-05
1.77554e+09,0.25,0.308438,3.68505e-05,0.308429,3.68513e-05
1.77554e+09,0.3,0.30844,3.68503e-05,0.308429,3.68513e-05
1.77554e+09,0.35,0.308441,3.68502e-05,0.308429,3.68513e-05
1.77554e+09,0.4,0.308443,3.685e-05,0.308429,3.68513e-05
1.77554e+09,0.45,0.308445,3.68499e-05,0.308429,3.68513e-05
1.77554e+09,0.5,0.308447,3.68497e-05,0.308429,3.68513e-05
1.77554e+09,0.55,0.308449,3.68496e-05,0.308429,3.68513e-05
1.77554e+09,0.6,0.308451,3.68494e-05,0.308429,3.68513e-05
1.77554e+09,0.65,0.308452,3.68493e-05,0.308429,3.68513e-05
1.77554e+09,0.7,0.308454,3.68491e-05,0.308429,3.68513e-05
1.77554e+09,0.75,0.308456,3.6849e-05,0.308429,3.68513e-05
1.77554e+09,0.8,0.308458,3.68488e-05,0.308429,3.68513e-05
1.77554e+09,0.85,0.30846,3.68486e-05,0.308429,3.68513e-05
1.77554e+09,0.9,0.308462,3.68485e-05,0.308429,3.68513e-05
1.77554e+09,0.95,0.308464,3.68483e-05,0.308429,3.68513e-05
1.77554e+09,1,0.308465,3.68482e-05,0.308429,3.68513e-05
1.77554e+09,1.05,0.308467,3.6848e-05,0.308429,3.68513e-05
1.77554e+09,1.1,0.308469,3.68479e-05,0.308429,3.68513e-05
1.77554e+09,1.15,0.308471,3.68477e-05,0.308429,3.68513e-05
1.77554e+09,1.2,0.308473,3.68476e-05,0.308429,3.68513e-05
1.77554e+09,1.25,0.308475,3.68474e-05,0.308429,3.68513e-05
1.77554e+09,1.3,0.308476,3.68473e-05,0.308429,3.68513e-05
1.77554e+09,1.35,0.308478,3.68471e-05,0.308429,3.68513e-05
1.77554e+09,1.4,0.30848,3.68469e-05,0.308429,3.68513e-05
1.77554e+09,1.45,0.308482,3.68468e-05,0.308429,3.68513e-05
1.77554e+09,1.5,0.308484,3.68466e-05,0.308429,3.68513e-05
1.77554e+09,1.55,0.308486,3.68465e-05,0.308429,3.68513e-05
1.77554e+09,1.6,0.308487,3.68463e-05,0.308429,3.68513e-05
1.77554e+09,1.65,0.308489,3.68462e-05,0.308429,3.68513e-05
1.77554e+09,1.7,0.308491,3.6846e-05,0.308429,3.68513e-05
1.77554e+09,1.75,0.308493,3.68459e-05,0.308429,3.68513e-05
1.77554e+09,1.8,0.308495,3.68457e-05,0.308429,3.68513e-05
1.77554e+09,1.85,0.308497,3.68456e-05,0.308429,3.68513e-05
1.77554e+09,1.9,0.308499,3.68454e-05,0.308429,3.68513e-05
1.77554e+09,1.95,0.3085,3.68453e-05,0.308429,3.68513e-05
1.77554e+09,2,0.308502,3.68451e-05,0.308429,3.68513e-05
1.77554e+09,2.05,0.308504,3.68449e-05,0.308429,3.68513e-05
1.77554e+09,2.1,0.308506,3.68448e-05,0.308429,3.68513e-05
1.77554e+09,2.15,0.308508,3.68446e-05,0.308429,3.68513e-05
1.77554e+09,2.2,0.30851,3.68445e-05,0.308429,3.68513e-05
1.77554e+09,2.25,0.308511,3.68443e-05,0.308429,3.68513e-05
1.77554e+09,2.3,0.308513,3.68442e-05,0.308429,3.68513e-05
1.77554e+09,2.35,0.308515,3.6844e-05,0.308429,3.68513e-05
1.77554e+09,2.4,0.308517,3.68439e-05,0.308429,3.68513e-05
1.77554e+09,2.45,0.308519,3.68437e-05,0.308429,3.68513e-05
1.77554e+09,2.5,0.308521,3.68436e-05,0.308429,3.68513e-05
1.77554e+09,0,0.491012,3.48227e-05,0.491012,3.48227e-05
1.77554e+09,0.05,0.491014,3.48224e-05,0.491012,3.48227e-05
1.77554e+09,0.1,0.491016,3.48222e-05,0.491012,3.48227e-05
1.77554e+09,0.15,0.491017,3.48219e-05,0.491012,3.48227e-05
1.77554e+09,0.2,0.491019,3.48217e-05,0.491012,3.48227e-05
1.77554e+09,0.25,0.491021,3.48215e-05,0.491012,3.48227e-05
1.77554e+09,0.3,0.491023,3.48212e-05,0.491012,3.48227e-05
1.77554e+09,0.35,0.491024,3.4821e-05,0.491012,3.48227e-05
1.77554e+09,0.4,0.491026,3.48207e-05,0.491012,3.48227e-05
1.77554e+09,0.45,0.491028,3.48205e-05,0.491012,3.48227e-05
1.77554e+09,0.5,0.49103,3.48202e-05,0.491012,3.48227e-05
1.77554e+09,0.55,0.491031,3.482e-05,0.491012,3.48227e-05
1.77554e+09,0.6,0.491033,3.48197e-05,0.491012,3.48227e-05
1.77554e+09,0.65,0.491035,3.48195e-05,0.491012,3.48227e-05
1.77554e+09,0.7,0.491037,3.48192e-05,0.491012,3.48227e-05
1.77554e+09,0.75,0.491038,3.4819e-05,0.491012,3.48227e-05
1.77554e+09,0.8,0.49104,3.48188e-05,0.491012,3.48227e-05
1.77554e+09,0.85,0.491042,3.48185e-05,0.491012,3.48227e-05
1.77554e+09,0.9,0.491043,3.48183e-05,0.491012,3.48227e-05
1.77554e+09,0.95,0.491045,3.4818e-05,0.491012,3.48227e-05
1.77554e+09,1,0.491047,3.48178e-05,0.491012,3.48227e-05
1.77554e+09,1.05,0.491049,3.48175e-05,0.491012,3.48227e-05
1.77554e+09,1.1,0.49105,3.48173e-05,0.491012,3.48227e-05
1.77554e+09,1.15,0.491052,3.4817e-05,0.491012,3.48227e-05
1.77554e+09,1.2,0.491054,3.48168e-05,0.491012,3.48227e-05
1.77554e+09,1.25,0.491056,3.48165e-05,0.491012,3.48227e-05
1.77554e+09,1.3,0.491057,3.48163e-05,0.491012,3.48227e-05
1.77554e+09,1.35,0.491059,3.48161e-05,0.491012,3.48227e-05
1.77554e+09,1.4,0.491061,3.48158e-05,0.491012,3.48227e-05
1.77554e+09,1.45,0.491063,3.48156e-05,0.491012,3.48227e-05
1.77554e+09,1.5,0.491064,3.48153e-05,0.491012,3.48227e-05
1.77554e+09,1.55,0.491066,3.48151e-05,0.491012,3.48227e-05
1.77554e+09,1.6,0.491068,3.48148e-05,0.491012,3.48227e-05
1.77554e+09,1.65,0.49107,3.48146e-05,0.491012,3.48227e-05
1.77554e+09,1.7,0.491071,3.48143e-05,0.491012,3.48227e-05
1.77554e+09,1.75,0.491073,3.48141e-05,0.491012,3.48227e-05
1.77554e+09,1.8,0.491075,3.48138e-05,0.491012,3.48227e-05
1.77554e+09,1.85,0.491077,3.48136e-05,0.491012,3.48227e-05
1.77554e+09,1.9,0.491078,3.48134e-05,0.491012,3.48227e-05
1.77554e+09,1.95,0.49108,3.48131e-05,0.491012,3.48227e-05
1.77554e+09,2,0.491082,3.48129e-05,0.491012,3.48227e-05
1.77554e+09,2.05,0.491084,3.48126e-05,0.491012,3.48227e-05
1.77554e+09,2.1,0.491085,3.48124e-05,0.491012,3.48227e-05
1.77554e+09,2.15,0.491087,3.48121e-05,0.491012,3.48227e-05
1.77554e+09,2.2,0.491089,3.48119e-05,0.491012,3.48227e-05
1.77554e+09,2.25,0.49109,3.48116e-05,0.491012,3.48227e-05
1.77554e+09,2.3,0.491092,3.48114e-05,0.491012,3.48227e-05
1.77554e+09,2.35,0.491094,3.48111e-05,0.491012,3.48227e-05
1.77554e+09,2.4,0.491096,3.48109e-05,0.491012,3.48227e-05
1.77554e+09,2.45,0.491097,3.48107e-05,0.491012,3.48227e-05
1.77554e+09,2.5,0.491099,3.48104e-05,0.491012,3.48227e-05
1.77554e+09,0,0.654137,3.06583e-05,0.654137,3.06583e-05
1.77554e+09,0.05,0.654138,3.0658e-05,0.654137,3.06583e-05
1.77554e+09,0.1,0.65414,3.06577e-05,0.654137,3.06583e-05
1.77554e+09,0.15,0.654141,3.06573e-05,0.654137,3.06583e-05
1.77554e+09,0.2,0.654143,3.0657e-05,0.654137,3.06583e-05
1.77554e+09,0.25,0.654144,3.06567e-05,0.654137,3.06583e-05
1.77554e+09,0.3,0.654146,3.06564e-05,0.654137,3.06583e-05
1.77554e+09,0.35,0.654147,3.0656e-05,0.654137,3.06583e-05
1.77554e+09,0.4,0.654149,3.06557e-05,0.654137,3.06583e-05
1.77554e+09,0.45,0.65415,3.06554e-05,0.654137,3.06583e-05
1.77554e+09,0.5,0.654152,3.06551e-05,0.654137,3.06583e-05
1.77554e+09,0.55,0.654153,3.06547e-05,0.654137,3.06583e-05
1.77554e+09,0.6,0.654155,3.06544e-05,0.654137,3.06583e-05
1.77554e+09,0.65,0.654157,3.06541e-05,0.654137,3.06583e-05
1.77554e+09,0.7,0.654158,3.06538e-05,0.654137,3.06583e-05
1.77554e+09,0.75,0.65416,3.06534e-05,0.654137,3.06583e-05
1.77554e+09,0.8,0.654161,3.06531e-05,0.654137,3.06583e-05
1.77554e+09,0.85,0.654163,3.06528e-05,0.654137,3.06583e-05
1.77554e+09,0.9,0.654164,3.06524e-05,0.654137,3.06583e-05
1.77554e+09,0.95,0.654166,3.06521e-05,0.654137,3.06583e-05
1.77554e+09,1,0.654167,3.06518e-05,0.654137,3.06583e-05
1.77554e+09,1.05,0.654169,3.06515e-05,0.654137,3.06583e-05
1.77554e+09,1.1,0.65417,3.06511e-05,0.654137,3.06583e-05
1.77554e+09,1.15,0.654172,3.06508e-05,0.654137,3.06583e-05
1.77554e+09,1.2,0.654173,3.06505e-05,0.654137,3.06583e-05
1.77554e+09,1.25,0.654175,3.06502e-05,0.654137,3.06583e-05
1.77554e+09,1.3,0.654176,3.06498e-05,0.654137,3.06583e-05
1.77554e+09,1.35,0.654178,3.06495e-05,0.654137,3.06583e-05
1.77554e+09,1.4,0.65418,3.06492e-05,0.654137,3.06583e-05
1.77554e+09,1.45,0.654181,3.06488e-05,0.654137,3.06583e-05
1.77554e+09,1.5,0.654183,3.06485e-05,0.654137,3.06583e-05
1.77554e+09,1.55,0.654184,3.06482e-05,0.654137,3.06583e-05
1.77554e+09,1.6,0.654186,3.06479e-05,0.654137,3.06583e-05
1.77554e+09,1.65,0.654187,3.06475e-05,0.654137,3.06583e-05
1.77554e+09,1.7,0.654189,3.06472e-05,0.654137,3.06583e-05
1.77554e+09,1.75,0.65419,3.06469e-05,0.654137,3.06583e-05
1.77554e+09,1.8,0.654192,3.06466e-05,0.654137,3.06583e-05
1.77554e+09,1.85,0.654193,3.06462e-05,0.654137,3.06583e-05
1.77554e+09,1.9,0.654195,3.06459e-05,0.654137,3.06583e-05
1.77554e+09,1.95,0.654196,3.06456e-05,0.654137,3.06583e-05
1.77554e+09,2,0.654198,3.06452e-05,0.654137,3.06583e-05
1.77554e+09,2.05,0.654199,3.06449e-05,0.654137,3.06583e-05
1.77554e+09,2.1,0.654201,3.06446e-05,0.654137,3.06583e-05
1.77554e+09,2.15,0.654203,3.06443e-05,0.654137,3.06583e-05
1.77554e+09,2.2,0.654204,3.06439e-05,0.654137,3.06583e-05
1.77554e+09,2.25,0.654206,3.06436e-05,0.654137,3.06583e-05
1.77554e+09,2.3,0.654207,3.06433e-05,0.654137,3.06583e-05
1.77554e+09,2.35,0.654209,3.0643e-05,0.654137,3.06583e-05
1.77554e+09,2.4,0.65421,3.06426e-05,0.654137,3.06583e-05
1.77554e+09,2.45,0.654212,3.06423e-05,0.654137,3.06583e-05
1.77554e+09,2.5,0.654213,3.0642e-05,0.654137,3.06583e-05
1.77554e+09,0,0.791233,2.52724e-05,0.791233,2.52724e-05
1.77554e+09,0.05,0.791235,2.5272e-05,0.791233,2.52724e-05
1.77554e+09,0.1,0.791236,2.52717e-05,0.791233,2.52724e-05
1.77554e+09,0.15,0.791237,2.52713e-05,0.791233,2.52724e-05
1.77554e+09,0.2,0.791238,2.52709e-05,0.791233,2.52724e-05
1.77554e+09,0.25,0.79124,2.52705e-05,0.791233,2.52724e-05
1.77554e+09,0.3,0.791241,2.52701e-05,0.791233,2.52724e-05
1.77554e+09,0.35,0.791242,2.52697e-05,0.791233,2.52724e-05
1.77554e+09,0.4,0.791243,2.52693e-05,0.791233,2.52724e-05
1.77554e+09,0.45,0.791245,2.52689e-05,0.791233,2.52724e-05
1.77554e+09,0.5,0.791246,2.52685e-05,0.791233,2.52724e-05
1.77554e+09,0.55,0.791247,2.52681e-05,0.791233,2.52724e-05
1.77554e+09,0.6,0.791248,2.52677e-05,0.791233,2.52724e-05
1.77554e+09,0.65,0.79125,2.52673e-05,0.791233,2.52724e-05
1.77554e+09,0.7,0.791251,2.52669e-05,0.791233,2.52724e-05
1.77554e+09,0.75,0.791252,2.52665e-05,0.791233,2.52724e-05
1.77554e+09,0.8,0.791253,2.52661e-05,0.791233,2.52724e-05
1.77554e+09,0.85,0.791255,2.52657e-05,0.791233,2.52724e-05
1.77554e+09,0.9,0.791256,2.52653e-05,0.791233,2.52724e-05
1.77554e+09,0.95,0.791257,2.52649e-05,0.791233,2.52724e-05
1.77554e+09,1,0.791259,2.52645e-05,0.791233,2.52724e-05
1.77554e+09,1.05,0.79126,2.52641e-05,0.791233,2.52724e-05
1.77554e+09,1.1,0.791261,2.52637e-05,0.791233,2.52724e-05
1.77554e+09,1.15,0.791262,2.52633e-05,0.791233,2.52724e-05
1.77554e+09,1.2,0.791264,2.52629e-05,0.791233,2.52724e-05
1.77554e+09,1.25,0.791265,2.52626e-05,0.791233,2.52724e-05
1.77554e+09,1.3,0.791266,2.52622e-05,0.791233,2.52724e-05
1.77554e+09,1.35,0.791267,2.52618e-05,0.791233,2.52724e-05
1.77554e+09,1.4,0.791269,2.52614e-05,0.791233,2.52724e-05
1.77554e+09,1.45,0.79127,2.5261e-05,0.791233,2.52724e-05
1.77554e+09,1.5,0.791271,2.52606e-05,0.791233,2.52724e-05
1.77554e+09,1.55,0.791272,2.52602e-05,0.791233,2.52724e-05
1.77554e+09,1.6,0.791274,2.52598e-05,0.791233,2.52724e-05
1.77554e+09,1.65,0.791275,2.52594e-05,0.791233,2.52724e-05
1.77554e+09,1.7,0.791276,2.5259e-05,0.791233,2.52724e-05
1.77554e+09,1.75,0.791277,2.52586e-05,0.791233,2.52724e-05
1.77554e+09,1.8,0.791279,2.52582e-05,0.791233,2.52724e-05
1.77554e+09,1.85,0.79128,2.52578e-05,0.791233,2.52724e-05
1.77554e+09,1.9,0.791281,2.52574e-05,0.791233,2.52724e-05
1.77554e+09,1.95,0.791283,2.5257e-05,0.791233,2.52724e-05
1.77554e+09,2,0.791284,2.52566e-05,0.791233,2.52724e-05
1.77554e+09,2.05,0.791285,2.52562e-05,0.791233,2.52724e-05
1.77554e+09,2.1,0.791286,2.52558e-05,0.791233,2.52724e-05
1.77554e+09,2.15,0.791288,2.52554e-05,0.791233,2.52724e-05
1.77554e+09,2.2,0.791289,2.5255e-05,0.791233,2.52724e-05
1.77554e+09,2.25,0.79129,2.52546e-05,0.791233,2.52724e-05
1.77554e+09,2.3,0.791291,2.52542e-05,0.791233,2.52724e-05
1.77554e+09,2.35,0.791293,2.52538e-05,0.791233,2.52724e-05
1.77554e+09,2.4,0.791294,2.52535e-05,0.791233,2.52724e-05
1.77554e+09,2.45,0.791295,2.52531e-05,0.791233,2.52724e-05
1.77554e+09,2.5,0.791296,2.52527e-05,0.791233,2.52724e-05
1.77554e+09,0,0.966958,1.18429e-05,0.966958,1.18429e-05
1.77554e+09,0.05,0.966958,1.18424e-05,0.966958,1.18429e-05
1.77554e+09,0.1,0.966959,1.18419e-05,0.966958,1.18429e-05
1.77554e+09,0.15,0.96696,1.18415e-05,0.966958,1.18429e-05
1.77554e+09,0.2,0.96696,1.1841e-05,0.966958,1.18429e-05
1.77554e+09,0.25,0.966961,1.18405e-05,0.966958,1.18429e-05
1.77554e+09,0.3,0.966961,1.184e-05,0.966958,1.18429e-05
1.77554e+09,0.35,0.966962,1.18395e-05,0.966958,1.18429e-05
1.77554e+09,0.4,0.966963,1.1839e-05,0.966958,1.18429e-05
1.77554e+09,0.45,0.966963,1.18386e-05,0.966958,1.18429e-05
1.77554e+09,0.5,0.966964,1.18381e-05,0.966958,1.18429e-05
1.77554e+09,0.55,0.966964,1.18376e-05,0.966958,1.18429e-05
1.77554e+09,0.6,0.966965,1.18371e-05,0.966958,1.18429e-05
1.77554e+09,0.65,0.966966,1.18366e-05,0.966958,1.18429e-05
1.77554e+09,0.7,0.966966,1.18361e-05,0.966958,1.18429e-05
1.77554e+09,0.75,0.966967,1.18357e-05,0.966958,1.18429e-05
1.77554e+09,0.8,0.966967,1.18352e-05,0.966958,1.18429e-05
1.77554e+09,0.85,0.966968,1.18347e-05,0.966958,1.18429e-05
1.77554e+09,0.9,0.966968,1.18342e-05,0.966958,1.18429e-05
1.77554e+09,0.95,0.966969,1.18337e-05,0.966958,1.18429e-05
1.77554e+09,1,0.96697,1.18332e-05,0.966958,1.18429e-05
1.77554e+09,1.05,0.96697,1.18328e-05,0.966958,1.18429e-05
1.77554e+09,1.1,0.966971,1.18323e-05,0.966958,1.18429e-05
1.77554e+09,1.15,0.966971,1.18318e-05,0.966958,1.18429e-05
1.77554e+09,1.2,0.966972,1.18313e-05,0.966958,1.18429e-05
1.77554e+09,1.25,0.966973,1.18308e-05,0.966958,1.18429e-05
1.77554e+09,1.3,0.966973,1.18303e-05,0.966958,1.18429e-05
1.77554e+09,1.35,0.966974,1.18299e-05,0.966958,1.18429e-05
1.77554e+09,1.4,0.966974,1.18294e-05,0.966958,1.18429e-05
1.77554e+09,1.45,0.966975,1.18289e-05,0.966958,1.18429e-05
1.77554e+09,1.5,0.966976,1.18284e-05,0.966958,1.18429e-05
1.77554e+09,1.55,0.966976,1.18279e-05,0.966958,1.18429e-05
1.77554e+09,1.6,0.966977,1.18274e-05,0.966958,1.18429e-05
1.77554e+09,1.65,0.966977,1.1827e-05,0.966958,1.18429e-05
1.77554e+09,1.7,0.966978,1.18265e-05,0.966958,1.18429e-05
1.77554e+09,1.75,0.966979,1.1826e-05,0.966958,1.18429e-05
1.77554e+09,1.8,0.966979,1.18255e-05,0.966958,1.18429e-05
1.77554e+09,1.85,0.96698,1.1825e-05,0.966958,1.18429e-05
1.77554e+09,1.9,0.96698,1.18245e-05,0.966958,1.18429e-05
1.77554e+09,1.95,0.966981,1.18241e-05,0.966958,1.18429e-05
1.77554e+09,2,0.966981,1.18236e-05,0.966958,1.18429e-05
1.77554e+09,2.05,0.966982,1.18231e-05,0.966958,1.18429e-05
1.77554e+09,2.1,0.966983,1.18226e-05,0.966958,1.18429e-05
1.77554e+09,2.15,0.966983,1.18221e-05,0.966958,1.18429e-05
1.77554e+09,2.2,0.966984,1.18216e-05,0.966958,1.18429e-05
1.77554e+09,2.25,0.966984,1.18212e-05,0.966958,1.18429e-05
1.77554e+09,2.3,0.966985,1.18207e-05,0.966958,1.18429e-05
1.77554e+09,2.35,0.966986,1.18202e-05,0.966958,1.18429e-05
1.77554e+09,2.4,0.966986,1.18197e-05,0.966958,1.18429e-05
1.77554e+09,2.45,0.966987,1.18192e-05,0.966958,1.18429e-05
1.77554e+09,2.5,0.966987,1.18187e-05,0.966958,1.18429e-05
1.77554e+09,0,0.997928,4.48583e-06,0.997928,4.48583e-06
1.77554e+09,0.05,0.997928,4.48533e-06,0.997928,4.48583e-06
1.77554e+09,0.1,0.997928,4.48483e-06,0.997928,4.48583e-06
1.77554e+09,0.15,0.997928,4.48433e-06,0.997928,4.48583e-06
1.77554e+09,0.2,0.997929,4.48383e-06,0.997928,4.48583e-06
1.77554e+09,0.25,0.997929,4.48333e-06,0.997928,4.48583e-06
1.77554e+09,0.3,0.997929,4.48283e-06,0.997928,4.48583e-06
1.77554e+09,0.35,0.997929,4.48233e-06,0.997928,4.48583e-06
1.77554e+09,0.4,0.99793,4.48183e-06,0.997928,4.48583e-06
1.77554e+09,0.45,0.99793,4.48133e-06,0.997928,4.48583e-06
1.77554e+09,0.5,0.99793,4.48084e-06,0.997928,4.48583e-06
1.77554e+09,0.55,0.99793,4.48034e-06,0.997928,4.48583e-06
1.77554e+09,0.6,0.997931,4.47984e-06,0.997928,4.48583e-06
1.77554e+09,0.65,0.997931,4.47934e-06,0.997928,4.48583e-06
1.77554e+09,0.7,0.997931,4.47884e-06,0.997928,4.48583e-06
1.77554e+09,0.75,0.997931,4.47834e-06,0.997928,4.48583e-06
1.77554e+09,0.8,0.997931,4.47784e-06,0.997928,4.48583e-06
1.77554e+09,0.85,0.997932,4.47734e-06,0.997928,4.48583e-06
1.77554e+09,0.9,0.997932,4.47684e-06,0.997928,4.48583e-06
1.77554e+09,0.95,0.997932,4.47634e-06,0.997928,4.48583e-06
1.77554e+09,1,0.997932,4.47585e-06,0.997928,4.48583e-06
1.77554e+09,1.05,0.997933,4.47535e-06,0.997928,4.48583e-06
1.77554e+09,1.1,0.997933,4.47485e-06,0.997928,4.48583e-06
1.77554e+09,1.15,0.997933,4.47435e-06,0.997928,4.48583e-06
1.77554e+09,1.2,0.997933,4.47385e-06,0.997928,4.48583e-06
1.77554e+09,1.25,0.997933,4.47335e-06,0.997928,4.48583e-06
1.77554e+09,1.3,0.997934,4.47285e-06,0.997928,4.48583e-06
1.77554e+09,1.35,0.997934,4.47235e-06,0.997928,4.48583e-06
1.77554e+09,1.4,0.997934,4.47185e-06,0.997928,4.48583e-06
1.77554e+09,1.45,0.997934,4.47136e-06,0.997928,4.48583e-06
1.77554e+09,1.5,0.997935,4.47086e-06,0.997928,4.48583e-06
1.77554e+09,1.55,0.997935,4.47036e-06,0.997928,4.48583e-06
1.77554e+09,1.6,0.997935,4.46986e-06,0.997928,4.48583e-06
1.77554e+09,1.65,0.997935,4.46936e-06,0.997928,4.48583e-06
1.77554e+09,1.7,0.997935,4.46886e-06,0.997928,4.48583e-06
1.77554e+09,1.75,0.997936,4.46836e-06,0.997928,4.48583e-06
1.77554e+09,1.8,0.997936,4.46786e-06,0.997928,4.48583e-06
1.77554e+09,1.85,0.997936,4.46736e-06,0.997928,4.48583e-06
1.77554e+09,1.9,0.997936,4.46686e-06,0.997928,4.48583e-06
1.77554e+09,1.95,0.997937,4.46637e-06,0.997928,4.48583e-06
1.77554e+09,2,0.997937,4.46587e-06,0.997928,4.48583e-06
1.77554e+09,2.05,0.997937,4.46537e-06,0.997928,4.48583e-06
1.77554e+09,2.1,0.997937,4.46487e-06,0.997928,4.48583e-06
1.77554e+09,2.15,0.997937,4.46437e-06,0.997928,4.48583e-06
1.77554e+09,2.2,0.997938,4.46387e-06,0.997928,4.48583e-06
1.77554e+09,2.25,0.997938,4.46337e-06,0.997928,4.48583e-06
1.77554e+09,2.3,0.997938,4.46287e-06,0.997928,4.48583e-06
1.77554e+09,2.35,0.997938,4.46237e-06,0.997928,4.48583e-06
1.77554e+09,2.4,0.997939,4.46187e-06,0.997928,4.48583e-06
1.77554e+09,2.45,0.997939,4.46138e-06,0.997928,4.48583e-06
1.77554e+09,2.5,0.997939,4.46088e-06,0.997928,4.48583e-06
1.77554e+09,0,0.989336,-3.24356e-06,0.989336,-3.24356e-06
1.77554e+09,0.05,0.989335,-3.24406e-06,0.989336,-3.24356e-06
1.77554e+09,0.1,0.989335,-3.24455e-06,0.989336,-3.24356e-06
1.77554e+09,0.15,0.989335,-3.24505e-06,0.989336,-3.24356e-06
1.77554e+09,0.2,0.989335,-3.24554e-06,0.989336,-3.24356e-06
1.77554e+09,0.25,0.989335,-3.24604e-06,0.989336,-3.24356e-06
1.77554e+09,0.3,0.989335,-3.24653e-06,0.989336,-3.24356e-06
1.77554e+09,0.35,0.989335,-3.24703e-06,0.989336,-3.24356e-06
1.77554e+09,0.4,0.989334,-3.24752e-06,0.989336,-3.24356e-06
1.77554e+09,0.45,0.989334,-3.24802e-06,0.989336,-3.24356e-06
1.77554e+09,0.5,0.989334,-3.24851e-06,0.989336,-3.24356e-06
1.77554e+09,0.55,0.989334,-3.24901e-06,0.989336,-3.24356e-06
1.77554e+09,0.6,0.989334,-3.2495e-06,0.989336,-3.24356e-06
1.77554e+09,0.65,0.989334,-3.25e-06,0.989336,-3.24356e-06
1.77554e+09,0.7,0.989333,-3.25049e-06,0.989336,-3.24356e-06
1.77554e+09,0.75,0.989333,-3.25098e-06,0.989336,-3.24356e-06
1.77554e+09,0.8,0.989333,-3.25148e-06,0.989336,-3.24356e-06
1.77554e+09,0.85,0.989333,-3.25197e-06,0.989336,-3.24356e-06
1.77554e+09,0.9,0.989333,-3.25247e-06,0.989336,-3.24356e-06
1.77554e+09,0.95,0.989333,-3.25296e-06,0.989336,-3.24356e-06
1.77554e+09,1,0.989332,-3.25346e-06,0.989336,-3.24356e-06
1.77554e+09,1.05,0.989332,-3.25395e-06,0.989336,-3.24356e-06
1.77554e+09,1.1,0.989332,-3.25445e-06,0.989336,-3.24356e-06
1.77554e+09,1.15,0.989332,-3.25494e-06,0.989336,-3.24356e-06
1.77554e+09,1.2,0.989332,-3.25544e-06,0.989336,-3.24356e-06
1.77554e+09,1.25,0.989332,-3.25593e-06,0.989336,-3.24356e-06
1.77554e+09,1.3,0.989331,-3.25643e-06,0.989336,-3.24356e-06
1.77554e+09,1.35,0.989331,-3.25692e-06,0.989336,-3.24356e-06
1.77554e+09,1.4,0.989331,-3.25742e-06,0.989336,-3.24356e-06
1.77554e+09,1.45,0.989331,-3.25791e-06,0.989336,-3.24356e-06
1.77554e+09,1.5,0.989331,-3.2584e-06,0.989336,-3.24356e-06
1.77554e+09,1.55,0.989331,-3.2589e-06,0.989336,-3.24356e-06
1.77554e+09,1.6,0.98933,-3.25939e-06,0.989336,-3.24356e-06
1.77554e+09,1.65,0.98933,-3.25989e-06,0.989336,-3.24356e-06
1.77554e+09,1.7,0.98933,-3.26038e-06,0.989336,-3.24356e-06
1.77554e+09,1.75,0.98933,-3.26088e-06,0.989336,-3.24356e-06
1.77554e+09,1.8,0.98933,-3.26137e-06,0.989336,-3.24356e-06
1.77554e+09,1.85,0.98933,-3.26187e-06,0.989336,-3.24356e-06
1.77554e+09,1.9,0.989329,-3.26236e-06,0.989336,-3.24356e-06
1.77554e+09,1.95,0.989329,-3.26286e-06,0.989336,-3.24356e-06
1.77554e+09,2,0.989329,-3.26335e-06,0.989336,-3.24356e-06
1.77554e+09,2.05,0.989329,-3.26385e-06,0.989336,-3.24356e-06
1.77554e+09,2.1,0.989329,-3.26434e-06,0.989336,-3.24356e-06
1.77554e+09,2.15,0.989329,-3.26484e-06,0.989336,-3.24356e-06
1.77554e+09,2.2,0.989328,-3.26533e-06,0.989336,-3.24356e-06
1.77554e+09,2.25,0.989328,-3.26582e-06,0.989336,-3.24356e-06
1.77554e+09,2.3,0.989328,-3.26632e-06,0.989336,-3.24356e-06
1.77554e+09,2.35,0.989328,-3.26681e-06,0.989336,-3.24356e-06
1.77554e+09,2.4,0.989328,-3.26731e-06,0.989336,-3.24356e-06
1.77554e+09,2.45,0.989328,-3.2678e-06,0.989336,-3.24356e-06
1.77554e+09,2.5,0.989328,-3.2683e-06,0.989336,-3.24356e-06
